State,Year,LawName,Switching,Assaults_-5,Assaults_-4,Assaults_-3,Assaults_-2,Assaults_-1,Current_Assaults,Assaults_1,Assaults_2,Assaults_3,Assaults_4,Assaults_5,Homicides_-5,Homicides_-4,Homicides_-3,Homicides_-2,Homicides_-1,Current_Homicides,Homicides_1,Homicides_2,Homicides_3,Homicides_4,Homicides_5,Suicides_-5,Suicides_-4,Suicides_-3,Suicides_-2,Suicides_-1,Current_Suicides,Suicides_1,Suicides_2,Suicides_3,Suicides_4,Suicides_5
AK,2003,ccbackground,removal,,535,353,454,441,495,459,582,590,589,535,,26,15,19,22,23,20,23,27,22,17,,55,96,61,87,76,89,81,68,87,116
AK,2003,ccrevoke,removal,,535,353,454,441,495,459,582,590,589,535,,26,15,19,22,23,20,23,27,22,17,,55,96,61,87,76,89,81,68,87,116
AK,2003,permitconcealed,removal,,535,353,454,441,495,459,582,590,589,535,,26,15,19,22,23,20,23,27,22,17,,55,96,61,87,76,89,81,68,87,116
AK,2013,nosyg,removal,535,540,543,575,549,550,599,716,883,,,17,20,24,20,21,18,22,39,45,,,116,76,99,99,98,120,115,123,113,,
AL,2000,immunity,removal,,,,,1645,2461,1962,2402,1782,1738,1520,,,,,12,151,224,187,209,162,219,,,,,435,427,387,381,399,375,369
AL,2000,preemptionbroad,removal,,,,,1645,2461,1962,2402,1782,1738,1520,,,,,12,151,224,187,209,162,219,,,,,435,427,387,381,399,375,369
AL,2000,recordsallh,removal,,,,,1645,2461,1962,2402,1782,1738,1520,,,,,12,151,224,187,209,162,219,,,,,435,427,387,381,399,375,369
AL,2000,reportallh,removal,,,,,1645,2461,1962,2402,1782,1738,1520,,,,,12,151,224,187,209,162,219,,,,,435,427,387,381,399,375,369
AL,2000,waitingh,removal,,,,,1645,2461,1962,2402,1782,1738,1520,,,,,12,151,224,187,209,162,219,,,,,435,427,387,381,399,375,369
AL,2006,ccbackground,implemented,1962,2402,1782,1738,1520,1523,1906,2258,1609,1529,1607,224,187,209,162,219,248,284,265,229,123,173,387,381,399,375,369,400,396,424,479,454,452
AL,2006,nosyg,removal,1962,2402,1782,1738,1520,1523,1906,2258,1609,1529,1607,224,187,209,162,219,248,284,265,229,123,173,387,381,399,375,369,400,396,424,479,454,452
AL,2012,stalking,removal,1906,2258,1609,1529,1607,1610,2272,2213,3216,3994,,284,265,229,123,173,181,152,219,236,292,,396,424,479,454,452,500,504,479,528,550,
AL,2013,ccbackgroundnics,implemented,2258,1609,1529,1607,1610,2272,2213,3216,3994,,,265,229,123,173,181,152,219,236,292,,,424,479,454,452,500,504,479,528,550,,
AL,2013,ccrenewbackground,implemented,2258,1609,1529,1607,1610,2272,2213,3216,3994,,,265,229,123,173,181,152,219,236,292,,,424,479,454,452,500,504,479,528,550,,
AL,2013,mayissue,removal,2258,1609,1529,1607,1610,2272,2213,3216,3994,,,265,229,123,173,181,152,219,236,292,,,424,479,454,452,500,504,479,528,550,,
AL,2013,showing,removal,2258,1609,1529,1607,1610,2272,2213,3216,3994,,,265,229,123,173,181,152,219,236,292,,,424,479,454,452,500,504,479,528,550,,
AL,2015,danger,implemented,1529,1607,1610,2272,2213,3216,3994,,,,,123,173,181,152,219,236,292,,,,,454,452,500,504,479,528,550,,,,
AL,2015,dvro,implemented,1529,1607,1610,2272,2213,3216,3994,,,,,123,173,181,152,219,236,292,,,,,454,452,500,504,479,528,550,,,,
AL,2015,invcommitment,implemented,1529,1607,1610,2272,2213,3216,3994,,,,,123,173,181,152,219,236,292,,,,,454,452,500,504,479,528,550,,,,
AL,2015,mcdv,implemented,1529,1607,1610,2272,2213,3216,3994,,,,,123,173,181,152,219,236,292,,,,,454,452,500,504,479,528,550,,,,
AL,2015,purge,removal,1529,1607,1610,2272,2213,3216,3994,,,,,123,173,181,152,219,236,292,,,,,454,452,500,504,479,528,550,,,,
AL,2015,recordsdealerh,removal,1529,1607,1610,2272,2213,3216,3994,,,,,123,173,181,152,219,236,292,,,,,454,452,500,504,479,528,550,,,,
AL,2015,reportdealerh,removal,1529,1607,1610,2272,2213,3216,3994,,,,,123,173,181,152,219,236,292,,,,,454,452,500,504,479,528,550,,,,
AL,2015,security,removal,1529,1607,1610,2272,2213,3216,3994,,,,,123,173,181,152,219,236,292,,,,,454,452,500,504,479,528,550,,,,
AR,2013,collegeconcealed,removal,2316,2515,2548,2518,2541,2471,2822,3114,3884,,,104,99,96,107,111,103,99,114,147,,,275,285,266,299,307,322,323,342,331,,
AR,2013,stalking,removal,2316,2515,2548,2518,2541,2471,2822,3114,3884,,,104,99,96,107,111,103,99,114,147,,,275,285,266,299,307,322,323,342,331,,
AZ,2000,mcdv,implemented,,,,,4349,4103,4105,4604,4895,4916,3892,,,,,268,259,306,323,314,320,332,,,,,476,489,468,559,486,509,514
AZ,2000,mcdvdating,implemented,,,,,4349,4103,4105,4604,4895,4916,3892,,,,,268,259,306,323,314,320,332,,,,,476,489,468,559,486,509,514
AZ,2010,ccbackground,removal,3892,5353,4863,4842,4053,3618,3603,4010,3942,2773,4242,332,350,337,310,217,255,234,230,237,191,205,514,563,552,540,605,620,674,663,655,683,707
AZ,2010,ccrenewbackground,removal,3892,5353,4863,4842,4053,3618,3603,4010,3942,2773,4242,332,350,337,310,217,255,234,230,237,191,205,514,563,552,540,605,620,674,663,655,683,707
AZ,2010,ccrevoke,removal,3892,5353,4863,4842,4053,3618,3603,4010,3942,2773,4242,332,350,337,310,217,255,234,230,237,191,205,514,563,552,540,605,620,674,663,655,683,707
AZ,2010,nosyg,removal,3892,5353,4863,4842,4053,3618,3603,4010,3942,2773,4242,332,350,337,310,217,255,234,230,237,191,205,514,563,552,540,605,620,674,663,655,683,707
AZ,2010,permitconcealed,removal,3892,5353,4863,4842,4053,3618,3603,4010,3942,2773,4242,332,350,337,310,217,255,234,230,237,191,205,514,563,552,540,605,620,674,663,655,683,707
CA,2000,dvro,implemented,,,,,19051,20981,21418,22889,22290,22197,23182,,,,,1352,1507,1605,1761,1794,1788,1881,,,,,1532,1487,1450,1490,1505,1366,1329
CA,2000,dvrodating,implemented,,,,,19051,20981,21418,22889,22290,22197,23182,,,,,1352,1507,1605,1761,1794,1788,1881,,,,,1532,1487,1450,1490,1505,1366,1329
CA,2000,dvrosurrender,implemented,,,,,19051,20981,21418,22889,22290,22197,23182,,,,,1352,1507,1605,1761,1794,1788,1881,,,,,1532,1487,1450,1490,1505,1366,1329
CA,2000,dvrosurrenderdating,implemented,,,,,19051,20981,21418,22889,22290,22197,23182,,,,,1352,1507,1605,1761,1794,1788,1881,,,,,1532,1487,1450,1490,1505,1366,1329
CA,2000,dvrosurrendernoconditions,implemented,,,,,19051,20981,21418,22889,22290,22197,23182,,,,,1352,1507,1605,1761,1794,1788,1881,,,,,1532,1487,1450,1490,1505,1366,1329
CA,2000,exparte,implemented,,,,,19051,20981,21418,22889,22290,22197,23182,,,,,1352,1507,1605,1761,1794,1788,1881,,,,,1532,1487,1450,1490,1505,1366,1329
CA,2000,expartedating,implemented,,,,,19051,20981,21418,22889,22290,22197,23182,,,,,1352,1507,1605,1761,1794,1788,1881,,,,,1532,1487,1450,1490,1505,1366,1329
CA,2000,expartesurrender,implemented,,,,,19051,20981,21418,22889,22290,22197,23182,,,,,1352,1507,1605,1761,1794,1788,1881,,,,,1532,1487,1450,1490,1505,1366,1329
CA,2000,expartesurrenderdating,implemented,,,,,19051,20981,21418,22889,22290,22197,23182,,,,,1352,1507,1605,1761,1794,1788,1881,,,,,1532,1487,1450,1490,1505,1366,1329
CA,2000,expartesurrendernoconditions,implemented,,,,,19051,20981,21418,22889,22290,22197,23182,,,,,1352,1507,1605,1761,1794,1788,1881,,,,,1532,1487,1450,1490,1505,1366,1329
CA,2000,incidentremoval,implemented,,,,,19051,20981,21418,22889,22290,22197,23182,,,,,1352,1507,1605,1761,1794,1788,1881,,,,,1532,1487,1450,1490,1505,1366,1329
CA,2000,magazine,implemented,,,,,19051,20981,21418,22889,22290,22197,23182,,,,,1352,1507,1605,1761,1794,1788,1881,,,,,1532,1487,1450,1490,1505,1366,1329
CA,2000,onefeature,implemented,,,,,19051,20981,21418,22889,22290,22197,23182,,,,,1352,1507,1605,1761,1794,1788,1881,,,,,1532,1487,1450,1490,1505,1366,1329
CA,2000,tenroundlimit,implemented,,,,,19051,20981,21418,22889,22290,22197,23182,,,,,1352,1507,1605,1761,1794,1788,1881,,,,,1532,1487,1450,1490,1505,1366,1329
CA,2001,junkgun,implemented,,,,19051,20981,21418,22889,22290,22197,23182,23494,,,,1352,1507,1605,1761,1794,1788,1881,1874,,,,1532,1487,1450,1490,1505,1366,1329,1319
CA,2002,immunity,implemented,,,19051,20981,21418,22889,22290,22197,23182,23494,21547,,,1352,1507,1605,1761,1794,1788,1881,1874,1678,,,1532,1487,1450,1490,1505,1366,1329,1319,1422
CA,2002,lockd,implemented,,,19051,20981,21418,22889,22290,22197,23182,23494,21547,,,1352,1507,1605,1761,1794,1788,1881,1874,1678,,,1532,1487,1450,1490,1505,1366,1329,1319,1422
CA,2002,lockp,implemented,,,19051,20981,21418,22889,22290,22197,23182,23494,21547,,,1352,1507,1605,1761,1794,1788,1881,1874,1678,,,1532,1487,1450,1490,1505,1366,1329,1319,1422
CA,2002,lockstandards,implemented,,,19051,20981,21418,22889,22290,22197,23182,23494,21547,,,1352,1507,1605,1761,1794,1788,1881,1874,1678,,,1532,1487,1450,1490,1505,1366,1329,1319,1422
CA,2002,mcdvsurrender,implemented,,,19051,20981,21418,22889,22290,22197,23182,23494,21547,,,1352,1507,1605,1761,1794,1788,1881,1874,1678,,,1532,1487,1450,1490,1505,1366,1329,1319,1422
CA,2002,mcdvsurrenderdating,implemented,,,19051,20981,21418,22889,22290,22197,23182,23494,21547,,,1352,1507,1605,1761,1794,1788,1881,1874,1678,,,1532,1487,1450,1490,1505,1366,1329,1319,1422
CA,2002,mcdvsurrendernoconditions,implemented,,,19051,20981,21418,22889,22290,22197,23182,23494,21547,,,1352,1507,1605,1761,1794,1788,1881,1874,1678,,,1532,1487,1450,1490,1505,1366,1329,1319,1422
CA,2011,ammrecords,implemented,23494,21547,19126,17297,16937,17055,17680,15616,15776,18140,20633,1874,1678,1518,1407,1303,1260,1367,1307,1263,1366,1425,1319,1422,1478,1519,1492,1564,1549,1571,1582,1559,1595
CA,2012,fingerprint,implemented,21547,19126,17297,16937,17055,17680,15616,15776,18140,20633,,1678,1518,1407,1303,1260,1367,1307,1263,1366,1425,,1422,1478,1519,1492,1564,1549,1571,1582,1559,1595,
CA,2013,capaccess,implemented,19126,17297,16937,17055,17680,15616,15776,18140,20633,,,1518,1407,1303,1260,1367,1307,1263,1366,1425,,,1478,1519,1492,1564,1549,1571,1582,1559,1595,,
CA,2013,capliability,implemented,19126,17297,16937,17055,17680,15616,15776,18140,20633,,,1518,1407,1303,1260,1367,1307,1263,1366,1425,,,1478,1519,1492,1564,1549,1571,1582,1559,1595,,
CA,2013,dvroremoval,implemented,19126,17297,16937,17055,17680,15616,15776,18140,20633,,,1518,1407,1303,1260,1367,1307,1263,1366,1425,,,1478,1519,1492,1564,1549,1571,1582,1559,1595,,
CA,2013,microstamp,implemented,19126,17297,16937,17055,17680,15616,15776,18140,20633,,,1518,1407,1303,1260,1367,1307,1263,1366,1425,,,1478,1519,1492,1564,1549,1571,1582,1559,1595,,
CA,2014,defactoreg,implemented,17297,16937,17055,17680,15616,15776,18140,20633,,,,1407,1303,1260,1367,1307,1263,1366,1425,,,,1519,1492,1564,1549,1571,1582,1559,1595,,,
CA,2015,collegeconcealed,implemented,16937,17055,17680,15616,15776,18140,20633,,,,,1303,1260,1367,1307,1263,1366,1425,,,,,1492,1564,1549,1571,1582,1559,1595,,,,
CA,2015,permit,implemented,16937,17055,17680,15616,15776,18140,20633,,,,,1303,1260,1367,1307,1263,1366,1425,,,,,1492,1564,1549,1571,1582,1559,1595,,,,
CA,2016,gvro,implemented,17055,17680,15616,15776,18140,20633,,,,,,1260,1367,1307,1263,1366,1425,,,,,,1564,1549,1571,1582,1559,1595,,,,,
CA,2016,gvrolawenforcement,implemented,17055,17680,15616,15776,18140,20633,,,,,,1260,1367,1307,1263,1366,1425,,,,,,1564,1549,1571,1582,1559,1595,,,,,
CO,2000,immunity,removal,,,,,1649,1390,1552,1446,1531,2096,2688,,,,,100,66,78,100,111,128,108,,,,,309,350,390,380,363,402,396
CO,2000,traffickingprohibited,implemented,,,,,1649,1390,1552,1446,1531,2096,2688,,,,,100,66,78,100,111,128,108,,,,,309,350,390,380,363,402,396
CO,2000,traffickingprohibitedh,implemented,,,,,1649,1390,1552,1446,1531,2096,2688,,,,,100,66,78,100,111,128,108,,,,,309,350,390,380,363,402,396
CO,2001,gunshow,implemented,,,,1649,1390,1552,1446,1531,2096,2688,2547,,,,100,66,78,100,111,128,108,99,,,,309,350,390,380,363,402,396,371
CO,2001,gunshowh,implemented,,,,1649,1390,1552,1446,1531,2096,2688,2547,,,,100,66,78,100,111,128,108,99,,,,309,350,390,380,363,402,396,371
CO,2001,statechecks,implemented,,,,1649,1390,1552,1446,1531,2096,2688,2547,,,,100,66,78,100,111,128,108,99,,,,309,350,390,380,363,402,396,371
CO,2001,statechecksh,implemented,,,,1649,1390,1552,1446,1531,2096,2688,2547,,,,100,66,78,100,111,128,108,99,,,,309,350,390,380,363,402,396,371
CO,2003,ccbackground,implemented,,1649,1390,1552,1446,1531,2096,2688,2547,2154,2029,,100,66,78,100,111,128,108,99,91,83,,309,350,390,380,363,402,396,371,396,387
CO,2003,ccbackgroundnics,implemented,,1649,1390,1552,1446,1531,2096,2688,2547,2154,2029,,100,66,78,100,111,128,108,99,91,83,,309,350,390,380,363,402,396,371,396,387
CO,2003,ccrenewbackground,implemented,,1649,1390,1552,1446,1531,2096,2688,2547,2154,2029,,100,66,78,100,111,128,108,99,91,83,,309,350,390,380,363,402,396,371,396,387
CO,2003,ccrevoke,implemented,,1649,1390,1552,1446,1531,2096,2688,2547,2154,2029,,100,66,78,100,111,128,108,99,91,83,,309,350,390,380,363,402,396,371,396,387
CO,2003,elementary,implemented,,1649,1390,1552,1446,1531,2096,2688,2547,2154,2029,,100,66,78,100,111,128,108,99,91,83,,309,350,390,380,363,402,396,371,396,387
CO,2003,mayissue,removal,,1649,1390,1552,1446,1531,2096,2688,2547,2154,2029,,100,66,78,100,111,128,108,99,91,83,,309,350,390,380,363,402,396,371,396,387
CO,2003,preemption,removal,,1649,1390,1552,1446,1531,2096,2688,2547,2154,2029,,100,66,78,100,111,128,108,99,91,83,,309,350,390,380,363,402,396,371,396,387
CO,2003,preemptionbroad,removal,,1649,1390,1552,1446,1531,2096,2688,2547,2154,2029,,100,66,78,100,111,128,108,99,91,83,,309,350,390,380,363,402,396,371,396,387
CO,2003,preemptionnarrow,removal,,1649,1390,1552,1446,1531,2096,2688,2547,2154,2029,,100,66,78,100,111,128,108,99,91,83,,309,350,390,380,363,402,396,371,396,387
CO,2013,backgroundpurge,implemented,2029,2059,1936,2217,2428,2542,2713,3142,3590,,,83,88,80,77,83,88,97,120,140,,,387,454,427,443,533,489,539,541,613,,
CO,2013,dvro,implemented,2029,2059,1936,2217,2428,2542,2713,3142,3590,,,83,88,80,77,83,88,97,120,140,,,387,454,427,443,533,489,539,541,613,,
CO,2013,dvrosurrender,implemented,2029,2059,1936,2217,2428,2542,2713,3142,3590,,,83,88,80,77,83,88,97,120,140,,,387,454,427,443,533,489,539,541,613,,
CO,2013,dvrosurrendernoconditions,implemented,2029,2059,1936,2217,2428,2542,2713,3142,3590,,,83,88,80,77,83,88,97,120,140,,,387,454,427,443,533,489,539,541,613,,
CO,2013,magazine,implemented,2029,2059,1936,2217,2428,2542,2713,3142,3590,,,83,88,80,77,83,88,97,120,140,,,387,454,427,443,533,489,539,541,613,,
CO,2013,mcdv,implemented,2029,2059,1936,2217,2428,2542,2713,3142,3590,,,83,88,80,77,83,88,97,120,140,,,387,454,427,443,533,489,539,541,613,,
CO,2013,mcdvsurrender,implemented,2029,2059,1936,2217,2428,2542,2713,3142,3590,,,83,88,80,77,83,88,97,120,140,,,387,454,427,443,533,489,539,541,613,,
CO,2013,mcdvsurrendernoconditions,implemented,2029,2059,1936,2217,2428,2542,2713,3142,3590,,,83,88,80,77,83,88,97,120,140,,,387,454,427,443,533,489,539,541,613,,
CO,2013,recordsallh,implemented,2029,2059,1936,2217,2428,2542,2713,3142,3590,,,83,88,80,77,83,88,97,120,140,,,387,454,427,443,533,489,539,541,613,,
CO,2013,universal,implemented,2029,2059,1936,2217,2428,2542,2713,3142,3590,,,83,88,80,77,83,88,97,120,140,,,387,454,427,443,533,489,539,541,613,,
CO,2013,universalh,implemented,2029,2059,1936,2217,2428,2542,2713,3142,3590,,,83,88,80,77,83,88,97,120,140,,,387,454,427,443,533,489,539,541,613,,
CO,2013,universalpermit,implemented,2029,2059,1936,2217,2428,2542,2713,3142,3590,,,83,88,80,77,83,88,97,120,140,,,387,454,427,443,533,489,539,541,613,,
CO,2013,universalpermith,implemented,2029,2059,1936,2217,2428,2542,2713,3142,3590,,,83,88,80,77,83,88,97,120,140,,,387,454,427,443,533,489,539,541,613,,
CT,2002,relinquishment,implemented,,,534,610,661,413,373,416,492,467,467,,,77,59,78,51,46,54,56,65,62,,,110,111,113,85,87,105,112,79,78
CT,2004,danger,implemented,534,610,661,413,373,416,492,467,467,548,772,77,59,78,51,46,54,56,65,62,77,67,110,111,113,85,87,105,112,79,78,109,86
CT,2005,invoutpatient,implemented,610,661,413,373,416,492,467,467,548,772,792,59,78,51,46,54,56,65,62,77,67,85,111,113,85,87,105,112,79,78,109,86,109
CT,2007,loststolen,implemented,413,373,416,492,467,467,548,772,792,697,711,51,46,54,56,65,62,77,67,85,90,84,85,87,105,112,79,78,109,86,109,111,111
CT,2013,age18longgunpossess,implemented,548,772,792,697,711,631,617,484,746,,,77,67,85,90,84,59,55,73,44,,,109,86,109,111,111,86,120,101,107,,
CT,2013,age18longgunsale,implemented,548,772,792,697,711,631,617,484,746,,,77,67,85,90,84,59,55,73,44,,,109,86,109,111,111,86,120,101,107,,
CT,2013,amm18,implemented,548,772,792,697,711,631,617,484,746,,,77,67,85,90,84,59,55,73,44,,,109,86,109,111,111,86,120,101,107,,
CT,2013,amm21h,implemented,548,772,792,697,711,631,617,484,746,,,77,67,85,90,84,59,55,73,44,,,109,86,109,111,111,86,120,101,107,,
CT,2013,ammbackground,implemented,548,772,792,697,711,631,617,484,746,,,77,67,85,90,84,59,55,73,44,,,109,86,109,111,111,86,120,101,107,,
CT,2013,ammpermit,implemented,548,772,792,697,711,631,617,484,746,,,77,67,85,90,84,59,55,73,44,,,109,86,109,111,111,86,120,101,107,,
CT,2013,ammrestrict,implemented,548,772,792,697,711,631,617,484,746,,,77,67,85,90,84,59,55,73,44,,,109,86,109,111,111,86,120,101,107,,
CT,2013,magazine,implemented,548,772,792,697,711,631,617,484,746,,,77,67,85,90,84,59,55,73,44,,,109,86,109,111,111,86,120,101,107,,
CT,2013,onefeature,implemented,548,772,792,697,711,631,617,484,746,,,77,67,85,90,84,59,55,73,44,,,109,86,109,111,111,86,120,101,107,,
CT,2013,tenroundlimit,implemented,548,772,792,697,711,631,617,484,746,,,77,67,85,90,84,59,55,73,44,,,109,86,109,111,111,86,120,101,107,,
CT,2013,violent,implemented,548,772,792,697,711,631,617,484,746,,,77,67,85,90,84,59,55,73,44,,,109,86,109,111,111,86,120,101,107,,
CT,2014,permit,implemented,772,792,697,711,631,617,484,746,,,,67,85,90,84,59,55,73,44,,,,86,109,111,111,86,120,101,107,,,
CT,2016,exparte,implemented,697,711,631,617,484,746,,,,,,90,84,59,55,73,44,,,,,,111,111,86,120,101,107,,,,,
CT,2016,expartedating,implemented,697,711,631,617,484,746,,,,,,90,84,59,55,73,44,,,,,,111,111,86,120,101,107,,,,,
CT,2016,expartesurrender,implemented,697,711,631,617,484,746,,,,,,90,84,59,55,73,44,,,,,,111,111,86,120,101,107,,,,,
CT,2016,expartesurrenderdating,implemented,697,711,631,617,484,746,,,,,,90,84,59,55,73,44,,,,,,111,111,86,120,101,107,,,,,
CT,2016,expartesurrendernoconditions,implemented,697,711,631,617,484,746,,,,,,90,84,59,55,73,44,,,,,,111,111,86,120,101,107,,,,,
DE,2002,ccbackground,implemented,,,623,508,384,414,617,512,731,804,829,,,18,13,15,23,14,17,22,26,24,,,38,39,52,29,42,36,42,42,46
DE,2003,stalking,removal,,623,508,384,414,617,512,731,804,829,971,,18,13,15,23,14,17,22,26,24,41,,38,39,52,29,42,36,42,42,46,41
DE,2007,dvrodating,implemented,414,617,512,731,804,829,971,843,824,738,859,23,14,17,22,26,24,41,32,41,31,38,29,42,36,42,42,46,41,33,43,36,46
DE,2008,stalking,implemented,617,512,731,804,829,971,843,824,738,859,743,14,17,22,26,24,41,32,41,31,38,30,42,36,42,42,46,41,33,43,36,46,60
DE,2013,backgroundpurge,implemented,971,843,824,738,859,743,861,930,1054,,,41,32,41,31,38,30,39,53,41,,,41,33,43,36,46,60,59,55,59,,
DE,2013,gunshow,implemented,971,843,824,738,859,743,861,930,1054,,,41,32,41,31,38,30,39,53,41,,,41,33,43,36,46,60,59,55,59,,
DE,2013,gunshowh,implemented,971,843,824,738,859,743,861,930,1054,,,41,32,41,31,38,30,39,53,41,,,41,33,43,36,46,60,59,55,59,,
DE,2013,loststolen,implemented,971,843,824,738,859,743,861,930,1054,,,41,32,41,31,38,30,39,53,41,,,41,33,43,36,46,60,59,55,59,,
DE,2013,mentalhealth,implemented,971,843,824,738,859,743,861,930,1054,,,41,32,41,31,38,30,39,53,41,,,41,33,43,36,46,60,59,55,59,,
DE,2013,recordsall,implemented,971,843,824,738,859,743,861,930,1054,,,41,32,41,31,38,30,39,53,41,,,41,33,43,36,46,60,59,55,59,,
DE,2013,recordsallh,implemented,971,843,824,738,859,743,861,930,1054,,,41,32,41,31,38,30,39,53,41,,,41,33,43,36,46,60,59,55,59,,
DE,2013,universal,implemented,971,843,824,738,859,743,861,930,1054,,,41,32,41,31,38,30,39,53,41,,,41,33,43,36,46,60,59,55,59,,
DE,2013,universalh,implemented,971,843,824,738,859,743,861,930,1054,,,41,32,41,31,38,30,39,53,41,,,41,33,43,36,46,60,59,55,59,,
DE,2013,universalpermit,implemented,971,843,824,738,859,743,861,930,1054,,,41,32,41,31,38,30,39,53,41,,,41,33,43,36,46,60,59,55,59,,
DE,2013,universalpermith,implemented,971,843,824,738,859,743,861,930,1054,,,41,32,41,31,38,30,39,53,41,,,41,33,43,36,46,60,59,55,59,,
DE,2014,invoutpatient,implemented,843,824,738,859,743,861,930,1054,,,,32,41,31,38,30,39,53,41,,,,33,43,36,46,60,59,55,59,,,
DE,2016,threedaylimit,implemented,738,859,743,861,930,1054,,,,,,31,38,30,39,53,41,,,,,,36,46,60,59,55,59,,,,,
FL,2001,immunity,removal,,,,13607,12416,12720,12959,12862,13539,15057,15882,,,,552,590,602,582,660,647,625,800,,,,1136,1186,1197,1205,1242,1197,1163,1227
FL,2004,ammrestrict,implemented,13607,12416,12720,12959,12862,13539,15057,15882,17244,16697,15015,552,590,602,582,660,647,625,800,929,885,807,1136,1186,1197,1205,1242,1197,1163,1227,1284,1397,1472
FL,2005,nosyg,removal,12416,12720,12959,12862,13539,15057,15882,17244,16697,15015,13295,590,602,582,660,647,625,800,929,885,807,755,1186,1197,1205,1242,1197,1163,1227,1284,1397,1472,1454
GA,2006,ccbackgroundnics,implemented,4432,4648,4808,3601,4358,4831,6042,5476,5186,5160,5517,384,423,414,332,363,424,493,449,389,390,380,626,614,656,605,590,600,641,616,743,718,742
GA,2006,nosyg,removal,4432,4648,4808,3601,4358,4831,6042,5476,5186,5160,5517,384,423,414,332,363,424,493,449,389,390,380,626,614,656,605,590,600,641,616,743,718,742
GA,2014,college,removal,5186,5160,5517,5856,5719,6433,7003,8329,,,,389,390,380,404,413,441,472,529,,,,743,718,742,750,747,841,823,871,,,
GA,2014,collegeconcealed,removal,5186,5160,5517,5856,5719,6433,7003,8329,,,,389,390,380,404,413,441,472,529,,,,743,718,742,750,747,841,823,871,,,
GA,2014,dealerh,removal,5186,5160,5517,5856,5719,6433,7003,8329,,,,389,390,380,404,413,441,472,529,,,,743,718,742,750,747,841,823,871,,,
GA,2014,elementary,removal,5186,5160,5517,5856,5719,6433,7003,8329,,,,389,390,380,404,413,441,472,529,,,,743,718,742,750,747,841,823,871,,,
GA,2014,recordsdealerh,removal,5186,5160,5517,5856,5719,6433,7003,8329,,,,389,390,380,404,413,441,472,529,,,,743,718,742,750,747,841,823,871,,,
HI,2000,dvrodating,implemented,,,,,134,123,174,156,186,175,154,,,,,15,8,11,11,9,7,2,,,,,22,28,25,20,22,26,21
HI,2000,dvrosurrenderdating,implemented,,,,,134,123,174,156,186,175,154,,,,,15,8,11,11,9,7,2,,,,,22,28,25,20,22,26,21
HI,2000,expartedating,implemented,,,,,134,123,174,156,186,175,154,,,,,15,8,11,11,9,7,2,,,,,22,28,25,20,22,26,21
HI,2000,expartesurrenderdating,implemented,,,,,134,123,174,156,186,175,154,,,,,15,8,11,11,9,7,2,,,,,22,28,25,20,22,26,21
HI,2000,mcdvremovalallowed,implemented,,,,,134,123,174,156,186,175,154,,,,,15,8,11,11,9,7,2,,,,,22,28,25,20,22,26,21
HI,2000,relinquishment,implemented,,,,,134,123,174,156,186,175,154,,,,,15,8,11,11,9,7,2,,,,,22,28,25,20,22,26,21
HI,2006,backgroundpurge,implemented,174,156,186,175,154,188,114,182,156,170,163,11,11,9,7,2,6,7,13,10,7,7,25,20,22,26,21,16,26,27,31,33,33
HI,2006,ccbackground,implemented,174,156,186,175,154,188,114,182,156,170,163,11,11,9,7,2,6,7,13,10,7,7,25,20,22,26,21,16,26,27,31,33,33
HI,2006,ccbackgroundnics,implemented,174,156,186,175,154,188,114,182,156,170,163,11,11,9,7,2,6,7,13,10,7,7,25,20,22,26,21,16,26,27,31,33,33
HI,2006,ccrenewbackground,implemented,174,156,186,175,154,188,114,182,156,170,163,11,11,9,7,2,6,7,13,10,7,7,25,20,22,26,21,16,26,27,31,33,33
HI,2006,statechecks,implemented,174,156,186,175,154,188,114,182,156,170,163,11,11,9,7,2,6,7,13,10,7,7,25,20,22,26,21,16,26,27,31,33,33
HI,2006,statechecksh,implemented,174,156,186,175,154,188,114,182,156,170,163,11,11,9,7,2,6,7,13,10,7,7,25,20,22,26,21,16,26,27,31,33,33
HI,2006,threedaylimit,implemented,174,156,186,175,154,188,114,182,156,170,163,11,11,9,7,2,6,7,13,10,7,7,25,20,22,26,21,16,26,27,31,33,33
HI,2012,incidentremoval,implemented,114,182,156,170,163,0,0,1,117,180,,7,13,10,7,7,7,6,3,7,26,,26,27,31,33,33,39,23,29,37,34,
HI,2016,stalking,implemented,163,0,0,1,117,180,,,,,,7,7,6,3,7,26,,,,,,33,39,23,29,37,34,,,,,
IA,2010,dvro,implemented,601,447,575,588,508,566,589,649,550,751,820,20,17,15,26,17,21,21,26,17,30,49,170,149,133,180,160,168,185,175,221,194,193
IA,2010,dvrosurrender,implemented,601,447,575,588,508,566,589,649,550,751,820,20,17,15,26,17,21,21,26,17,30,49,170,149,133,180,160,168,185,175,221,194,193
IA,2010,mcdv,implemented,601,447,575,588,508,566,589,649,550,751,820,20,17,15,26,17,21,21,26,17,30,49,170,149,133,180,160,168,185,175,221,194,193
IA,2010,mcdvsurrender,implemented,601,447,575,588,508,566,589,649,550,751,820,20,17,15,26,17,21,21,26,17,30,49,170,149,133,180,160,168,185,175,221,194,193
IA,2011,ccbackgroundnics,implemented,447,575,588,508,566,589,649,550,751,820,920,17,15,26,17,21,21,26,17,30,49,44,149,133,180,160,168,185,175,221,194,193,228
IA,2011,ccrevoke,implemented,447,575,588,508,566,589,649,550,751,820,920,17,15,26,17,21,21,26,17,30,49,44,149,133,180,160,168,185,175,221,194,193,228
IA,2011,mayissue,removal,447,575,588,508,566,589,649,550,751,820,920,17,15,26,17,21,21,26,17,30,49,44,149,133,180,160,168,185,175,221,194,193,228
ID,2000,elementary,implemented,,,,,510,624,624,592,460,517,412,,,,,15,12,19,16,11,18,23,,,,,125,107,136,137,137,151,160
ID,2008,preemptionbroad,removal,460,517,412,480,468,355,401,361,350,398,396,11,18,23,19,25,13,5,12,14,17,14,137,151,160,145,147,149,176,182,167,176,200
ID,2008,preemptionnarrow,removal,460,517,412,480,468,355,401,361,350,398,396,11,18,23,19,25,13,5,12,14,17,14,137,151,160,145,147,149,176,182,167,176,200
ID,2015,ccbackgroundnics,implemented,361,350,398,396,376,483,613,,,,,12,14,17,14,12,23,16,,,,,182,167,176,200,182,215,215,,,,
ID,2016,ccbackground,removal,350,398,396,376,483,613,,,,,,14,17,14,12,23,16,,,,,,167,176,200,182,215,215,,,,,
ID,2016,ccbackgroundnics,removal,350,398,396,376,483,613,,,,,,14,17,14,12,23,16,,,,,,167,176,200,182,215,215,,,,,
ID,2016,ccrevoke,removal,350,398,396,376,483,613,,,,,,14,17,14,12,23,16,,,,,,167,176,200,182,215,215,,,,,
ID,2016,permitconcealed,removal,350,398,396,376,483,613,,,,,,14,17,14,12,23,16,,,,,,167,176,200,182,215,215,,,,,
IL,2000,cap14,implemented,,,,,567,479,532,653,528,639,498,,,,,459,415,216,486,482,352,345,,,,,481,431,505,466,404,387,424
IL,2000,capuses,implemented,,,,,567,479,532,653,528,639,498,,,,,459,415,216,486,482,352,345,,,,,481,431,505,466,404,387,424
IL,2000,traffickingprohibited,implemented,,,,,567,479,532,653,528,639,498,,,,,459,415,216,486,482,352,345,,,,,481,431,505,466,404,387,424
IL,2000,traffickingprohibitedh,implemented,,,,,567,479,532,653,528,639,498,,,,,459,415,216,486,482,352,345,,,,,481,431,505,466,404,387,424
IL,2005,gunshow,implemented,479,532,653,528,639,498,539,595,760,624,805,415,216,486,482,352,345,397,346,422,390,358,431,505,466,404,387,424,372,423,438,402,442
IL,2005,gunshowh,implemented,479,532,653,528,639,498,539,595,760,624,805,415,216,486,482,352,345,397,346,422,390,358,431,505,466,404,387,424,372,423,438,402,442
IL,2006,lockd,implemented,532,653,528,639,498,539,595,760,624,805,677,216,486,482,352,345,397,346,422,390,358,392,505,466,404,387,424,372,423,438,402,442,461
IL,2010,exparte,implemented,498,539,595,760,624,805,677,728,766,552,974,345,397,346,422,390,358,392,433,370,384,436,424,372,423,438,402,442,461,490,496,533,495
IL,2010,expartedating,implemented,498,539,595,760,624,805,677,728,766,552,974,345,397,346,422,390,358,392,433,370,384,436,424,372,423,438,402,442,461,490,496,533,495
IL,2010,expartesurrender,implemented,498,539,595,760,624,805,677,728,766,552,974,345,397,346,422,390,358,392,433,370,384,436,424,372,423,438,402,442,461,490,496,533,495
IL,2010,expartesurrenderdating,implemented,498,539,595,760,624,805,677,728,766,552,974,345,397,346,422,390,358,392,433,370,384,436,424,372,423,438,402,442,461,490,496,533,495
IL,2010,expartesurrendernoconditions,implemented,498,539,595,760,624,805,677,728,766,552,974,345,397,346,422,390,358,392,433,370,384,436,424,372,423,438,402,442,461,490,496,533,495
IL,2013,invoutpatient,implemented,760,624,805,677,728,766,552,974,955,,,422,390,358,392,433,370,384,436,816,,,438,402,442,461,490,496,533,495,506,,
IL,2013,loststolen,implemented,760,624,805,677,728,766,552,974,955,,,422,390,358,392,433,370,384,436,816,,,438,402,442,461,490,496,533,495,506,,
IL,2013,mayissue,removal,760,624,805,677,728,766,552,974,955,,,422,390,358,392,433,370,384,436,816,,,438,402,442,461,490,496,533,495,506,,
IL,2013,mcdvsurrender,implemented,760,624,805,677,728,766,552,974,955,,,422,390,358,392,433,370,384,436,816,,,438,402,442,461,490,496,533,495,506,,
IL,2013,mcdvsurrenderdating,implemented,760,624,805,677,728,766,552,974,955,,,422,390,358,392,433,370,384,436,816,,,438,402,442,461,490,496,533,495,506,,
IL,2013,opencarryh,removal,760,624,805,677,728,766,552,974,955,,,422,390,358,392,433,370,384,436,816,,,438,402,442,461,490,496,533,495,506,,
IL,2013,preemption,removal,760,624,805,677,728,766,552,974,955,,,422,390,358,392,433,370,384,436,816,,,438,402,442,461,490,496,533,495,506,,
IL,2013,preemptionnarrow,removal,760,624,805,677,728,766,552,974,955,,,422,390,358,392,433,370,384,436,816,,,438,402,442,461,490,496,533,495,506,,
IL,2013,relinquishment,implemented,760,624,805,677,728,766,552,974,955,,,422,390,358,392,433,370,384,436,816,,,438,402,442,461,490,496,533,495,506,,
IL,2013,showing,removal,760,624,805,677,728,766,552,974,955,,,422,390,358,392,433,370,384,436,816,,,438,402,442,461,490,496,533,495,506,,
IN,2001,immunity,removal,,,,1822,1484,1665,1599,1415,1511,1584,701,,,,225,194,238,197,228,202,233,230,,,,368,411,411,448,418,385,416,442
IN,2003,mcdv,implemented,,1822,1484,1665,1599,1415,1511,1584,701,1719,1735,,225,194,238,197,228,202,233,230,228,216,,368,411,411,448,418,385,416,442,392,450
IN,2006,gvrolawenforcement,implemented,1665,1599,1415,1511,1584,701,1719,1735,1723,514,1662,238,197,228,202,233,230,228,216,208,201,181,411,448,418,385,416,442,392,450,458,455,411
IN,2006,nosyg,removal,1665,1599,1415,1511,1584,701,1719,1735,1723,514,1662,238,197,228,202,233,230,228,216,208,201,181,411,448,418,385,416,442,392,450,458,455,411
IN,2014,traffickingprohibitedh,implemented,1723,514,1662,2103,2024,2438,2790,3233,,,,208,201,181,224,263,236,213,286,,,,458,455,411,513,523,528,517,591,,,
IN,2016,mcdvdating,implemented,1662,2103,2024,2438,2790,3233,,,,,,181,224,263,236,213,286,,,,,,411,513,523,528,517,591,,,,,
KS,2002,immunity,removal,,,242,219,243,768,488,1420,461,2234,2624,,,0,22,40,28,47,41,52,68,66,,,166,186,160,184,211,204,188,211,213
KS,2005,preemption,removal,219,243,768,488,1420,461,2234,2624,1786,1820,2016,22,40,28,47,41,52,68,66,58,80,69,186,160,184,211,204,188,211,213,185,200,210
KS,2005,preemptionbroad,removal,219,243,768,488,1420,461,2234,2624,1786,1820,2016,22,40,28,47,41,52,68,66,58,80,69,186,160,184,211,204,188,211,213,185,200,210
KS,2005,preemptionnarrow,removal,219,243,768,488,1420,461,2234,2624,1786,1820,2016,22,40,28,47,41,52,68,66,58,80,69,186,160,184,211,204,188,211,213,185,200,210
KS,2006,alctreatment,implemented,243,768,488,1420,461,2234,2624,1786,1820,2016,2016,40,28,47,41,52,68,66,58,80,69,74,160,184,211,204,188,211,213,185,200,210,233
KS,2006,nosyg,removal,243,768,488,1420,461,2234,2624,1786,1820,2016,2016,40,28,47,41,52,68,66,58,80,69,74,160,184,211,204,188,211,213,185,200,210,233
KS,2007,ccbackgroundnics,removal,768,488,1420,461,2234,2624,1786,1820,2016,2016,2046,28,47,41,52,68,66,58,80,69,74,53,184,211,204,188,211,213,185,200,210,233,297
KS,2007,ccrenewbackground,removal,768,488,1420,461,2234,2624,1786,1820,2016,2016,2046,28,47,41,52,68,66,58,80,69,74,53,184,211,204,188,211,213,185,200,210,233,297
KS,2007,mayissue,removal,768,488,1420,461,2234,2624,1786,1820,2016,2016,2046,28,47,41,52,68,66,58,80,69,74,53,184,211,204,188,211,213,185,200,210,233,297
KS,2007,showing,removal,768,488,1420,461,2234,2624,1786,1820,2016,2016,2046,28,47,41,52,68,66,58,80,69,74,53,184,211,204,188,211,213,185,200,210,233,297
KS,2008,stalking,removal,488,1420,461,2234,2624,1786,1820,2016,2016,2046,1971,47,41,52,68,66,58,80,69,74,53,71,211,204,188,211,213,185,200,210,233,297,241
KS,2010,ccrenewbackground,implemented,461,2234,2624,1786,1820,2016,2016,2046,1971,2073,2352,52,68,66,58,80,69,74,53,71,57,83,188,211,213,185,200,210,233,297,241,238,224
KS,2010,danger,implemented,461,2234,2624,1786,1820,2016,2016,2046,1971,2073,2352,52,68,66,58,80,69,74,53,71,57,83,188,211,213,185,200,210,233,297,241,238,224
KS,2010,elementary,removal,461,2234,2624,1786,1820,2016,2016,2046,1971,2073,2352,52,68,66,58,80,69,74,53,71,57,83,188,211,213,185,200,210,233,297,241,238,224
KS,2010,invcommitment,implemented,461,2234,2624,1786,1820,2016,2016,2046,1971,2073,2352,52,68,66,58,80,69,74,53,71,57,83,188,211,213,185,200,210,233,297,241,238,224
KS,2015,ccbackground,removal,2016,2016,2046,1971,2073,2352,2223,,,,,69,74,53,71,57,83,59,,,,,210,233,297,241,238,224,257,,,,
KS,2015,ccrenewbackground,removal,2016,2016,2046,1971,2073,2352,2223,,,,,69,74,53,71,57,83,59,,,,,210,233,297,241,238,224,257,,,,
KS,2015,ccrevoke,removal,2016,2016,2046,1971,2073,2352,2223,,,,,69,74,53,71,57,83,59,,,,,210,233,297,241,238,224,257,,,,
KS,2015,permitconcealed,removal,2016,2016,2046,1971,2073,2352,2223,,,,,69,74,53,71,57,83,59,,,,,210,233,297,241,238,224,257,,,,
KY,2006,ccbackgroundnics,implemented,524,605,491,580,1063,1070,1152,1224,1017,1060,1067,56,53,56,130,123,96,125,120,116,108,103,331,364,400,377,373,383,422,394,403,404,453
KY,2006,ccrenewbackground,implemented,524,605,491,580,1063,1070,1152,1224,1017,1060,1067,56,53,56,130,123,96,125,120,116,108,103,331,364,400,377,373,383,422,394,403,404,453
KY,2006,nosyg,removal,524,605,491,580,1063,1070,1152,1224,1017,1060,1067,56,53,56,130,123,96,125,120,116,108,103,331,364,400,377,373,383,422,394,403,404,453
LO,2006,nosyg,removal,5104,4879,4704,4445,3460,4797,4760,4335,4308,3501,3938,359,430,450,433,323,383,454,311,399,366,389,345,349,316,371,339,322,328,345,325,377,377
LO,2014,ccbackgroundnics,implemented,4308,3501,3938,2737,3847,3864,4556,5284,,,,399,366,389,380,352,341,385,447,,,,325,377,377,375,408,444,468,440,,,
LO,2014,dvro,implemented,4308,3501,3938,2737,3847,3864,4556,5284,,,,399,366,389,380,352,341,385,447,,,,325,377,377,375,408,444,468,440,,,
LO,2014,dvrodating,implemented,4308,3501,3938,2737,3847,3864,4556,5284,,,,399,366,389,380,352,341,385,447,,,,325,377,377,375,408,444,468,440,,,
LO,2014,mcdv,implemented,4308,3501,3938,2737,3847,3864,4556,5284,,,,399,366,389,380,352,341,385,447,,,,325,377,377,375,408,444,468,440,,,
MD,2000,lockd,implemented,,,,,1207,3330,2236,1228,2381,2278,2540,,,,,315,313,336,350,366,388,424,,,,,239,240,217,229,236,244,217
MD,2000,microstamp,implemented,,,,,1207,3330,2236,1228,2381,2278,2540,,,,,315,313,336,350,366,388,424,,,,,239,240,217,229,236,244,217
MD,2000,personalized,implemented,,,,,1207,3330,2236,1228,2381,2278,2540,,,,,315,313,336,350,366,388,424,,,,,239,240,217,229,236,244,217
MD,2002,training,implemented,,,1207,3330,2236,1228,2381,2278,2540,2438,2216,,,315,313,336,350,366,388,424,405,426,,,239,240,217,229,236,244,217,238,230
MD,2003,defactoregh,implemented,,1207,3330,2236,1228,2381,2278,2540,2438,2216,2023,,315,313,336,350,366,388,424,405,426,375,,239,240,217,229,236,244,217,238,230,259
MD,2003,strawpurchaseh,implemented,,1207,3330,2236,1228,2381,2278,2540,2438,2216,2023,,315,313,336,350,366,388,424,405,426,375,,239,240,217,229,236,244,217,238,230,259
MD,2009,dvrosurrender,implemented,2278,2540,2438,2216,2023,1838,1761,2382,2135,1691,1715,388,424,405,426,375,313,305,281,298,278,226,244,217,238,230,259,252,222,238,269,257,275
MD,2009,dvrosurrendernoconditions,implemented,2278,2540,2438,2216,2023,1838,1761,2382,2135,1691,1715,388,424,405,426,375,313,305,281,298,278,226,244,217,238,230,259,252,222,238,269,257,275
MD,2011,violent,implemented,2438,2216,2023,1838,1761,2382,2135,1691,1715,2164,2474,405,426,375,313,305,281,298,278,226,355,364,238,230,259,252,222,238,269,257,275,241,247
MD,2013,ammrestrict,implemented,2023,1838,1761,2382,2135,1691,1715,2164,2474,,,375,313,305,281,298,278,226,355,364,,,259,252,222,238,269,257,275,241,247,,
MD,2013,assault,implemented,2023,1838,1761,2382,2135,1691,1715,2164,2474,,,375,313,305,281,298,278,226,355,364,,,259,252,222,238,269,257,275,241,247,,
MD,2013,assaultlist,implemented,2023,1838,1761,2382,2135,1691,1715,2164,2474,,,375,313,305,281,298,278,226,355,364,,,259,252,222,238,269,257,275,241,247,,
MD,2013,assaulttransfer,implemented,2023,1838,1761,2382,2135,1691,1715,2164,2474,,,375,313,305,281,298,278,226,355,364,,,259,252,222,238,269,257,275,241,247,,
MD,2013,fingerprint,implemented,2023,1838,1761,2382,2135,1691,1715,2164,2474,,,375,313,305,281,298,278,226,355,364,,,259,252,222,238,269,257,275,241,247,,
MD,2013,tenroundlimit,implemented,2023,1838,1761,2382,2135,1691,1715,2164,2474,,,375,313,305,281,298,278,226,355,364,,,259,252,222,238,269,257,275,241,247,,
MD,2015,dvrodating,implemented,1761,2382,2135,1691,1715,2164,2474,,,,,305,281,298,278,226,355,364,,,,,222,238,269,257,275,241,247,,,,
MD,2015,dvrosurrenderdating,implemented,1761,2382,2135,1691,1715,2164,2474,,,,,305,281,298,278,226,355,364,,,,,222,238,269,257,275,241,247,,,,
MD,2015,microstamp,removal,1761,2382,2135,1691,1715,2164,2474,,,,,305,281,298,278,226,355,364,,,,,222,238,269,257,275,241,247,,,,
ME,2008,danger,implemented,30,35,32,46,44,59,32,48,60,73,39,8,9,8,12,14,13,8,14,19,15,16,66,97,100,87,90,103,106,95,113,112,137
ME,2008,invcommitment,implemented,30,35,32,46,44,59,32,48,60,73,39,8,9,8,12,14,13,8,14,19,15,16,66,97,100,87,90,103,106,95,113,112,137
ME,2015,ccrevoke,removal,48,60,73,39,58,53,74,,,,,14,19,15,16,10,16,13,,,,,95,113,112,137,116,124,107,,,,
ME,2015,mcdv,implemented,48,60,73,39,58,53,74,,,,,14,19,15,16,10,16,13,,,,,95,113,112,137,116,124,107,,,,
ME,2015,mcdvdating,implemented,48,60,73,39,58,53,74,,,,,14,19,15,16,10,16,13,,,,,95,113,112,137,116,124,107,,,,
ME,2015,permitconcealed,removal,48,60,73,39,58,53,74,,,,,14,19,15,16,10,16,13,,,,,95,113,112,137,116,124,107,,,,
MI,2000,immunity,removal,,,,,7938,7547,6343,7048,7219,7099,8839,,,,,476,464,463,449,429,442,417,,,,,542,531,542,578,523,532,554
MI,2000,lockd,implemented,,,,,7938,7547,6343,7048,7219,7099,8839,,,,,476,464,463,449,429,442,417,,,,,542,531,542,578,523,532,554
MI,2001,ccbackgroundnics,removal,,,,7938,7547,6343,7048,7219,7099,8839,9181,,,,476,464,463,449,429,442,417,467,,,,542,531,542,578,523,532,554,598
MI,2001,elementary,implemented,,,,7938,7547,6343,7048,7219,7099,8839,9181,,,,476,464,463,449,429,442,417,467,,,,542,531,542,578,523,532,554,598
MI,2001,mayissue,removal,,,,7938,7547,6343,7048,7219,7099,8839,9181,,,,476,464,463,449,429,442,417,467,,,,542,531,542,578,523,532,554,598
MI,2001,showing,removal,,,,7938,7547,6343,7048,7219,7099,8839,9181,,,,476,464,463,449,429,442,417,467,,,,542,531,542,578,523,532,554,598
MI,2006,nosyg,removal,6343,7048,7219,7099,8839,9181,8627,7918,8251,8231,7679,463,449,429,442,417,467,422,368,424,418,461,542,578,523,532,554,598,558,570,575,601,619
MI,2012,permith,removal,8627,7918,8251,8231,7679,8407,7658,7435,6695,8401,,422,368,424,418,461,525,429,358,394,429,,558,570,575,601,619,623,674,671,692,717,
MI,2012,permitlaw,removal,8627,7918,8251,8231,7679,8407,7658,7435,6695,8401,,422,368,424,418,461,525,429,358,394,429,,558,570,575,601,619,623,674,671,692,717,
MI,2012,training,removal,8627,7918,8251,8231,7679,8407,7658,7435,6695,8401,,422,368,424,418,461,525,429,358,394,429,,558,570,575,601,619,623,674,671,692,717,
MI,2015,ccbackgroundnics,implemented,8231,7679,8407,7658,7435,6695,8401,,,,,418,461,525,429,358,394,429,,,,,601,619,623,674,671,692,717,,,,
MN,2003,ccbackgroundnics,implemented,,457,1225,418,418,376,442,518,1452,1369,1226,,48,63,56,63,72,79,69,79,55,59,,228,223,242,238,244,268,255,243,265,289
MN,2003,mayissue,removal,,457,1225,418,418,376,442,518,1452,1369,1226,,48,63,56,63,72,79,69,79,55,59,,228,223,242,238,244,268,255,243,265,289
MN,2003,showing,removal,,457,1225,418,418,376,442,518,1452,1369,1226,,48,63,56,63,72,79,69,79,55,59,,228,223,242,238,244,268,255,243,265,289
MN,2014,dvro,implemented,1175,1058,1177,1161,1257,1208,1444,1635,,,,45,59,44,42,61,52,78,75,,,,281,280,322,310,339,308,304,332,,,
MN,2014,dvrodating,implemented,1175,1058,1177,1161,1257,1208,1444,1635,,,,45,59,44,42,61,52,78,75,,,,281,280,322,310,339,308,304,332,,,
MN,2014,dvroremoval,implemented,1175,1058,1177,1161,1257,1208,1444,1635,,,,45,59,44,42,61,52,78,75,,,,281,280,322,310,339,308,304,332,,,
MN,2014,dvrosurrender,implemented,1175,1058,1177,1161,1257,1208,1444,1635,,,,45,59,44,42,61,52,78,75,,,,281,280,322,310,339,308,304,332,,,
MN,2014,dvrosurrenderdating,implemented,1175,1058,1177,1161,1257,1208,1444,1635,,,,45,59,44,42,61,52,78,75,,,,281,280,322,310,339,308,304,332,,,
MN,2014,dvrosurrendernoconditions,implemented,1175,1058,1177,1161,1257,1208,1444,1635,,,,45,59,44,42,61,52,78,75,,,,281,280,322,310,339,308,304,332,,,
MN,2014,mcdvremovalallowed,implemented,1175,1058,1177,1161,1257,1208,1444,1635,,,,45,59,44,42,61,52,78,75,,,,281,280,322,310,339,308,304,332,,,
MN,2014,mcdvremovalrequired,implemented,1175,1058,1177,1161,1257,1208,1444,1635,,,,45,59,44,42,61,52,78,75,,,,281,280,322,310,339,308,304,332,,,
MN,2015,traffickingprohibited,implemented,1058,1177,1161,1257,1208,1444,1635,,,,,59,44,42,61,52,78,75,,,,,280,322,310,339,308,304,332,,,,
MN,2015,traffickingprohibitedh,implemented,1058,1177,1161,1257,1208,1444,1635,,,,,59,44,42,61,52,78,75,,,,,280,322,310,339,308,304,332,,,,
MO,2003,ccbackground,removal,,4343,4046,4082,3954,3829,4299,5153,5517,3660,5904,,213,229,237,229,195,236,286,239,268,358,,426,434,427,423,411,389,427,444,452,421
MO,2003,ccbackgroundnics,removal,,4343,4046,4082,3954,3829,4299,5153,5517,3660,5904,,213,229,237,229,195,236,286,239,268,358,,426,434,427,423,411,389,427,444,452,421
MO,2003,immunity,removal,,4343,4046,4082,3954,3829,4299,5153,5517,3660,5904,,213,229,237,229,195,236,286,239,268,358,,426,434,427,423,411,389,427,444,452,421
MO,2003,mayissue,removal,,4343,4046,4082,3954,3829,4299,5153,5517,3660,5904,,213,229,237,229,195,236,286,239,268,358,,426,434,427,423,411,389,427,444,452,421
MO,2003,showing,removal,,4343,4046,4082,3954,3829,4299,5153,5517,3660,5904,,213,229,237,229,195,236,286,239,268,358,,426,434,427,423,411,389,427,444,452,421
MO,2007,age21handgunsale,removal,3954,3829,4299,5153,5517,3660,5904,5789,5368,5290,5346,229,195,236,286,239,268,358,279,313,280,285,423,411,389,427,444,452,421,471,489,513,546
MO,2007,backgroundpurge,removal,3954,3829,4299,5153,5517,3660,5904,5789,5368,5290,5346,229,195,236,286,239,268,358,279,313,280,285,423,411,389,427,444,452,421,471,489,513,546
MO,2007,permith,removal,3954,3829,4299,5153,5517,3660,5904,5789,5368,5290,5346,229,195,236,286,239,268,358,279,313,280,285,423,411,389,427,444,452,421,471,489,513,546
MO,2007,permitlaw,removal,3954,3829,4299,5153,5517,3660,5904,5789,5368,5290,5346,229,195,236,286,239,268,358,279,313,280,285,423,411,389,427,444,452,421,471,489,513,546
MO,2007,threedaylimit,removal,3954,3829,4299,5153,5517,3660,5904,5789,5368,5290,5346,229,195,236,286,239,268,358,279,313,280,285,423,411,389,427,444,452,421,471,489,513,546
MO,2007,universalpermith,removal,3954,3829,4299,5153,5517,3660,5904,5789,5368,5290,5346,229,195,236,286,239,268,358,279,313,280,285,423,411,389,427,444,452,421,471,489,513,546
MO,2008,ccbackground,implemented,3829,4299,5153,5517,3660,5904,5789,5368,5290,5346,5185,195,236,286,239,268,358,279,313,280,285,278,411,389,427,444,452,421,471,489,513,546,556
MO,2008,felony,implemented,3829,4299,5153,5517,3660,5904,5789,5368,5290,5346,5185,195,236,286,239,268,358,279,313,280,285,278,411,389,427,444,452,421,471,489,513,546,556
MO,2014,ccbackgroundnics,implemented,5789,5368,5290,5346,5185,5472,6815,7914,,,,279,313,280,285,278,317,410,438,,,,471,489,513,546,556,588,605,650,,,
MO,2014,elementary,removal,5789,5368,5290,5346,5185,5472,6815,7914,,,,279,313,280,285,278,317,410,438,,,,471,489,513,546,556,588,605,650,,,
MO,2016,nosyg,removal,5290,5346,5185,5472,6815,7914,,,,,,280,285,278,317,410,438,,,,,,513,546,556,588,605,650,,,,,
MS,2003,immunity,removal,,963,557,816,814,689,867,779,910,792,860,,112,106,128,119,124,125,108,119,116,137,,244,220,239,254,247,245,251,219,279,286
MS,2006,nosyg,removal,816,814,689,867,779,910,792,860,822,888,956,128,119,124,125,108,119,116,137,109,117,136,239,254,247,245,251,219,279,286,269,256,268
MS,2011,collegeconcealed,removal,910,792,860,822,888,956,764,771,785,767,902,119,116,137,109,117,136,130,105,121,123,126,219,279,286,269,256,268,296,279,251,292,268
MS,2011,elementary,removal,910,792,860,822,888,956,764,771,785,767,902,119,116,137,109,117,136,130,105,121,123,126,219,279,286,269,256,268,296,279,251,292,268
MS,2013,opencarrypermith,removal,860,822,888,956,764,771,785,767,902,,,137,109,117,136,130,105,121,123,126,,,286,269,256,268,296,279,251,292,268,,
MS,2015,ccbackground,removal,888,956,764,771,785,767,902,,,,,117,136,130,105,121,123,126,,,,,256,268,296,279,251,292,268,,,,
MS,2015,ccrevoke,removal,888,956,764,771,785,767,902,,,,,117,136,130,105,121,123,126,,,,,256,268,296,279,251,292,268,,,,
MS,2015,permitconcealed,removal,888,956,764,771,785,767,902,,,,,117,136,130,105,121,123,126,,,,,256,268,296,279,251,292,268,,,,
MT,2009,nosyg,removal,179,270,215,299,264,297,278,269,280,240,322,11,6,5,11,11,18,11,6,12,10,14,105,135,102,120,132,136,141,152,153,147,149
NC,2002,immunity,removal,,,6340,5966,6023,5861,5586,4204,6628,6804,6060,,,349,365,316,359,295,276,336,344,343,,,567,621,632,630,619,608,632,660,607
NC,2003,dvro,implemented,,6340,5966,6023,5861,5586,4204,6628,6804,6060,6658,,349,365,316,359,295,276,336,344,343,347,,567,621,632,630,619,608,632,660,607,669
NC,2003,dvrodating,implemented,,6340,5966,6023,5861,5586,4204,6628,6804,6060,6658,,349,365,316,359,295,276,336,344,343,347,,567,621,632,630,619,608,632,660,607,669
NC,2003,dvrosurrender,implemented,,6340,5966,6023,5861,5586,4204,6628,6804,6060,6658,,349,365,316,359,295,276,336,344,343,347,,567,621,632,630,619,608,632,660,607,669
NC,2003,dvrosurrenderdating,implemented,,6340,5966,6023,5861,5586,4204,6628,6804,6060,6658,,349,365,316,359,295,276,336,344,343,347,,567,621,632,630,619,608,632,660,607,669
NC,2003,dvrosurrendernoconditions,implemented,,6340,5966,6023,5861,5586,4204,6628,6804,6060,6658,,349,365,316,359,295,276,336,344,343,347,,567,621,632,630,619,608,632,660,607,669
NC,2003,exparte,implemented,,6340,5966,6023,5861,5586,4204,6628,6804,6060,6658,,349,365,316,359,295,276,336,344,343,347,,567,621,632,630,619,608,632,660,607,669
NC,2003,expartedating,implemented,,6340,5966,6023,5861,5586,4204,6628,6804,6060,6658,,349,365,316,359,295,276,336,344,343,347,,567,621,632,630,619,608,632,660,607,669
NC,2003,expartesurrender,implemented,,6340,5966,6023,5861,5586,4204,6628,6804,6060,6658,,349,365,316,359,295,276,336,344,343,347,,567,621,632,630,619,608,632,660,607,669
NC,2003,expartesurrenderdating,implemented,,6340,5966,6023,5861,5586,4204,6628,6804,6060,6658,,349,365,316,359,295,276,336,344,343,347,,567,621,632,630,619,608,632,660,607,669
NC,2003,expartesurrendernoconditions,implemented,,6340,5966,6023,5861,5586,4204,6628,6804,6060,6658,,349,365,316,359,295,276,336,344,343,347,,567,621,632,630,619,608,632,660,607,669
NC,2006,ccbackgroundnics,implemented,6023,5861,5586,4204,6628,6804,6060,6658,6110,5677,5843,316,359,295,276,336,344,343,347,313,274,293,632,630,619,608,632,660,607,669,678,707,728
NC,2011,nosyg,removal,6804,6060,6658,6110,5677,5843,7186,6127,7220,7582,6878,344,343,347,313,274,293,300,293,298,324,389,660,607,669,678,707,728,709,771,760,787,788
NC,2013,ccrevoke,implemented,6658,6110,5677,5843,7186,6127,7220,7582,6878,,,347,313,274,293,300,293,298,324,389,,,669,678,707,728,709,771,760,787,788,,
ND,2001,immunity,removal,,,,6,4,12,8,9,11,18,13,,,,3,1,5,2,4,4,2,1,,,,39,28,33,53,41,41,56,41
ND,2011,alctreatment,implemented,13,14,15,12,21,31,20,30,46,49,60,1,2,0,3,5,5,2,4,6,8,8,41,49,55,45,47,51,63,76,85,76,75
ND,2013,ccbackgroundnics,implemented,15,12,21,31,20,30,46,49,60,,,0,3,5,5,2,4,6,8,8,,,55,45,47,51,63,76,85,76,75,,
NE,2004,incidentremoval,implemented,822,734,541,507,471,503,451,455,494,499,490,7,17,8,8,6,16,6,5,8,9,28,105,113,103,100,89,82,98,99,88,94,85
NE,2007,mayissue,removal,507,471,503,451,455,494,499,490,531,568,632,8,6,16,6,5,8,9,28,37,43,41,100,89,82,98,99,88,94,85,101,108,109
NE,2007,showing,removal,507,471,503,451,455,494,499,490,531,568,632,8,6,16,6,5,8,9,28,37,43,41,100,89,82,98,99,88,94,85,101,108,109
NE,2009,mcdv,implemented,503,451,455,494,499,490,531,568,632,635,550,16,6,5,8,9,28,37,43,41,41,36,82,98,99,88,94,85,101,108,109,102,125
NE,2009,mcdvdating,implemented,503,451,455,494,499,490,531,568,632,635,550,16,6,5,8,9,28,37,43,41,41,36,82,98,99,88,94,85,101,108,109,102,125
NE,2009,preemption,removal,503,451,455,494,499,490,531,568,632,635,550,16,6,5,8,9,28,37,43,41,41,36,82,98,99,88,94,85,101,108,109,102,125
NH,2000,cap14,implemented,,,,,20,87,77,87,87,106,112,,,,,4,5,7,9,2,4,7,,,,,49,67,71,57,75,57,79
NH,2000,cap16,implemented,,,,,20,87,77,87,87,106,112,,,,,4,5,7,9,2,4,7,,,,,49,67,71,57,75,57,79
NH,2000,capuses,implemented,,,,,20,87,77,87,87,106,112,,,,,4,5,7,9,2,4,7,,,,,49,67,71,57,75,57,79
NH,2000,dvro,implemented,,,,,20,87,77,87,87,106,112,,,,,4,5,7,9,2,4,7,,,,,49,67,71,57,75,57,79
NH,2000,dvrodating,implemented,,,,,20,87,77,87,87,106,112,,,,,4,5,7,9,2,4,7,,,,,49,67,71,57,75,57,79
NH,2000,dvrosurrender,implemented,,,,,20,87,77,87,87,106,112,,,,,4,5,7,9,2,4,7,,,,,49,67,71,57,75,57,79
NH,2000,dvrosurrenderdating,implemented,,,,,20,87,77,87,87,106,112,,,,,4,5,7,9,2,4,7,,,,,49,67,71,57,75,57,79
NH,2000,dvrosurrendernoconditions,implemented,,,,,20,87,77,87,87,106,112,,,,,4,5,7,9,2,4,7,,,,,49,67,71,57,75,57,79
NH,2003,preemption,removal,,20,87,77,87,87,106,112,140,130,167,,4,5,7,9,2,4,7,3,5,2,,49,67,71,57,75,57,79,69,71,85
NH,2003,preemptionbroad,removal,,20,87,77,87,87,106,112,140,130,167,,4,5,7,9,2,4,7,3,5,2,,49,67,71,57,75,57,79,69,71,85
NH,2003,preemptionnarrow,removal,,20,87,77,87,87,106,112,140,130,167,,4,5,7,9,2,4,7,3,5,2,,49,67,71,57,75,57,79,69,71,85
NH,2004,immunity,removal,20,87,77,87,87,106,112,140,130,167,191,4,5,7,9,2,4,7,3,5,2,4,49,67,71,57,75,57,79,69,71,85,82
NH,2011,nosyg,removal,140,130,167,191,202,171,177,217,227,267,302,3,5,2,4,5,6,9,5,8,7,10,69,71,85,82,102,75,98,81,110,107,123
NJ,2000,lockd,implemented,,,,,2257,2422,2442,2372,2527,2374,2449,,,,,153,151,181,193,244,245,280,,,,,195,154,167,176,183,185,136
NJ,2000,lockp,implemented,,,,,2257,2422,2442,2372,2527,2374,2449,,,,,153,151,181,193,244,245,280,,,,,195,154,167,176,183,185,136
NJ,2001,age21handgunpossess,implemented,,,,2257,2422,2442,2372,2527,2374,2449,2609,,,,153,151,181,193,244,245,280,290,,,,195,154,167,176,183,185,136,173
NJ,2001,age21handgunsale,implemented,,,,2257,2422,2442,2372,2527,2374,2449,2609,,,,153,151,181,193,244,245,280,290,,,,195,154,167,176,183,185,136,173
NJ,2002,personalized,implemented,,,2257,2422,2442,2372,2527,2374,2449,2609,2235,,,153,151,181,193,244,245,280,290,258,,,195,154,167,176,183,185,136,173,165
NJ,2004,dvro,implemented,2257,2422,2442,2372,2527,2374,2449,2609,2235,2063,1969,153,151,181,193,244,245,280,290,258,237,229,195,154,167,176,183,185,136,173,165,167,173
NJ,2004,dvrodating,implemented,2257,2422,2442,2372,2527,2374,2449,2609,2235,2063,1969,153,151,181,193,244,245,280,290,258,237,229,195,154,167,176,183,185,136,173,165,167,173
NJ,2004,incidentall,implemented,2257,2422,2442,2372,2527,2374,2449,2609,2235,2063,1969,153,151,181,193,244,245,280,290,258,237,229,195,154,167,176,183,185,136,173,165,167,173
NJ,2004,incidentremoval,implemented,2257,2422,2442,2372,2527,2374,2449,2609,2235,2063,1969,153,151,181,193,244,245,280,290,258,237,229,195,154,167,176,183,185,136,173,165,167,173
NJ,2004,mcdv,implemented,2257,2422,2442,2372,2527,2374,2449,2609,2235,2063,1969,153,151,181,193,244,245,280,290,258,237,229,195,154,167,176,183,185,136,173,165,167,173
NJ,2004,mcdvdating,implemented,2257,2422,2442,2372,2527,2374,2449,2609,2235,2063,1969,153,151,181,193,244,245,280,290,258,237,229,195,154,167,176,183,185,136,173,165,167,173
NJ,2008,amm21h,implemented,2527,2374,2449,2609,2235,2063,1969,2101,2360,2329,2265,244,245,280,290,258,237,229,252,276,273,290,183,185,136,173,165,167,173,181,181,156,194
NJ,2008,ammrestrict,implemented,2527,2374,2449,2609,2235,2063,1969,2101,2360,2329,2265,244,245,280,290,258,237,229,252,276,273,290,183,185,136,173,165,167,173,181,181,156,194
NJ,2008,loststolen,implemented,2527,2374,2449,2609,2235,2063,1969,2101,2360,2329,2265,244,245,280,290,258,237,229,252,276,273,290,183,185,136,173,165,167,173,181,181,156,194
NJ,2010,onepermonth,implemented,2449,2609,2235,2063,1969,2101,2360,2329,2265,2080,1648,280,290,258,237,229,252,276,273,290,255,262,136,173,165,167,173,181,181,156,194,189,180
NM,2001,ccbackground,removal,,,,1803,1725,1645,1783,1434,1683,1639,1604,,,,72,65,48,79,55,74,66,67,,,,180,175,188,211,211,196,178,193
NM,2001,ccbackgroundnics,removal,,,,1803,1725,1645,1783,1434,1683,1639,1604,,,,72,65,48,79,55,74,66,67,,,,180,175,188,211,211,196,178,193
NM,2001,ccrenewbackground,removal,,,,1803,1725,1645,1783,1434,1683,1639,1604,,,,72,65,48,79,55,74,66,67,,,,180,175,188,211,211,196,178,193
NM,2001,ccrevoke,removal,,,,1803,1725,1645,1783,1434,1683,1639,1604,,,,72,65,48,79,55,74,66,67,,,,180,175,188,211,211,196,178,193
NM,2001,mayissue,removal,,,,1803,1725,1645,1783,1434,1683,1639,1604,,,,72,65,48,79,55,74,66,67,,,,180,175,188,211,211,196,178,193
NM,2001,showing,removal,,,,1803,1725,1645,1783,1434,1683,1639,1604,,,,72,65,48,79,55,74,66,67,,,,180,175,188,211,211,196,178,193
NM,2003,college,implemented,,1803,1725,1645,1783,1434,1683,1639,1604,1531,1742,,72,65,48,79,55,74,66,67,87,92,,180,175,188,211,211,196,178,193,189,195
NM,2003,collegeconcealed,implemented,,1803,1725,1645,1783,1434,1683,1639,1604,1531,1742,,72,65,48,79,55,74,66,67,87,92,,180,175,188,211,211,196,178,193,189,195
NM,2004,ccbackground,implemented,1803,1725,1645,1783,1434,1683,1639,1604,1531,1742,1596,72,65,48,79,55,74,66,67,87,92,81,180,175,188,211,211,196,178,193,189,195,192
NM,2004,ccrenewbackground,implemented,1803,1725,1645,1783,1434,1683,1639,1604,1531,1742,1596,72,65,48,79,55,74,66,67,87,92,81,180,175,188,211,211,196,178,193,189,195,192
NM,2004,ccrevoke,implemented,1803,1725,1645,1783,1434,1683,1639,1604,1531,1742,1596,72,65,48,79,55,74,66,67,87,92,81,180,175,188,211,211,196,178,193,189,195,192
NV,2003,ammrestrict,implemented,,756,757,835,1096,1586,1652,1763,2089,2233,1936,,103,87,113,116,114,117,134,142,135,103,,259,241,219,245,247,249,262,255,270,291
NV,2003,invcommitment,implemented,,756,757,835,1096,1586,1652,1763,2089,2233,1936,,103,87,113,116,114,117,134,142,135,103,,259,241,219,245,247,249,262,255,270,291
NV,2003,invoutpatient,implemented,,756,757,835,1096,1586,1652,1763,2089,2233,1936,,103,87,113,116,114,117,134,142,135,103,,259,241,219,245,247,249,262,255,270,291
NV,2011,ccbackgroundnics,implemented,2089,2233,1936,1707,1554,1301,1600,1666,1714,2090,2445,142,135,103,102,96,91,80,83,106,126,145,255,270,291,295,289,272,274,292,309,293,334
NV,2011,ccrenewbackground,implemented,2089,2233,1936,1707,1554,1301,1600,1666,1714,2090,2445,142,135,103,102,96,91,80,83,106,126,145,255,270,291,295,289,272,274,292,309,293,334
NV,2011,nosyg,removal,2089,2233,1936,1707,1554,1301,1600,1666,1714,2090,2445,142,135,103,102,96,91,80,83,106,126,145,255,270,291,295,289,272,274,292,309,293,334
NV,2015,danger,implemented,1554,1301,1600,1666,1714,2090,2445,,,,,96,91,80,83,106,126,145,,,,,289,272,274,292,309,293,334,,,,
NV,2015,drugmisdemeanor,implemented,1554,1301,1600,1666,1714,2090,2445,,,,,96,91,80,83,106,126,145,,,,,289,272,274,292,309,293,334,,,,
NV,2015,dvro,implemented,1554,1301,1600,1666,1714,2090,2445,,,,,96,91,80,83,106,126,145,,,,,289,272,274,292,309,293,334,,,,
NV,2015,mcdv,implemented,1554,1301,1600,1666,1714,2090,2445,,,,,96,91,80,83,106,126,145,,,,,289,272,274,292,309,293,334,,,,
NY,2000,age21handgunpossess,implemented,,,,,974,1364,1276,1057,1696,1691,2099,,,,,512,576,525,528,553,508,502,,,,,432,450,453,408,412,401,456
NY,2000,age21handgunsale,implemented,,,,,974,1364,1276,1057,1696,1691,2099,,,,,512,576,525,528,553,508,502,,,,,432,450,453,408,412,401,456
NY,2000,amm21h,implemented,,,,,974,1364,1276,1057,1696,1691,2099,,,,,512,576,525,528,553,508,502,,,,,432,450,453,408,412,401,456
NY,2000,assault,implemented,,,,,974,1364,1276,1057,1696,1691,2099,,,,,512,576,525,528,553,508,502,,,,,432,450,453,408,412,401,456
NY,2000,assaultlist,implemented,,,,,974,1364,1276,1057,1696,1691,2099,,,,,512,576,525,528,553,508,502,,,,,432,450,453,408,412,401,456
NY,2000,backgroundpurge,implemented,,,,,974,1364,1276,1057,1696,1691,2099,,,,,512,576,525,528,553,508,502,,,,,432,450,453,408,412,401,456
NY,2000,gunshow,implemented,,,,,974,1364,1276,1057,1696,1691,2099,,,,,512,576,525,528,553,508,502,,,,,432,450,453,408,412,401,456
NY,2000,gunshowh,implemented,,,,,974,1364,1276,1057,1696,1691,2099,,,,,512,576,525,528,553,508,502,,,,,432,450,453,408,412,401,456
NY,2000,lockd,implemented,,,,,974,1364,1276,1057,1696,1691,2099,,,,,512,576,525,528,553,508,502,,,,,432,450,453,408,412,401,456
NY,2000,lockstandards,implemented,,,,,974,1364,1276,1057,1696,1691,2099,,,,,512,576,525,528,553,508,502,,,,,432,450,453,408,412,401,456
NY,2000,loststolen,implemented,,,,,974,1364,1276,1057,1696,1691,2099,,,,,512,576,525,528,553,508,502,,,,,432,450,453,408,412,401,456
NY,2000,magazine,implemented,,,,,974,1364,1276,1057,1696,1691,2099,,,,,512,576,525,528,553,508,502,,,,,432,450,453,408,412,401,456
NY,2000,mentalhealth,implemented,,,,,974,1364,1276,1057,1696,1691,2099,,,,,512,576,525,528,553,508,502,,,,,432,450,453,408,412,401,456
NY,2000,personalized,implemented,,,,,974,1364,1276,1057,1696,1691,2099,,,,,512,576,525,528,553,508,502,,,,,432,450,453,408,412,401,456
NY,2000,tenroundlimit,implemented,,,,,974,1364,1276,1057,1696,1691,2099,,,,,512,576,525,528,553,508,502,,,,,432,450,453,408,412,401,456
NY,2000,traffickingprohibited,implemented,,,,,974,1364,1276,1057,1696,1691,2099,,,,,512,576,525,528,553,508,502,,,,,432,450,453,408,412,401,456
NY,2000,traffickingprohibitedh,implemented,,,,,974,1364,1276,1057,1696,1691,2099,,,,,512,576,525,528,553,508,502,,,,,432,450,453,408,412,401,456
NY,2001,microstamp,implemented,,,,974,1364,1276,1057,1696,1691,2099,2521,,,,512,576,525,528,553,508,502,413,,,,432,450,453,408,412,401,456,412
NY,2002,personalized,removal,,,974,1364,1276,1057,1696,1691,2099,2521,2328,,,512,576,525,528,553,508,502,413,479,,,432,450,453,408,412,401,456,412,434
NY,2008,dvrodating,implemented,1696,1691,2099,2521,2328,2190,2276,2311,2168,2257,5328,553,508,502,413,479,462,449,497,426,396,346,412,401,456,412,434,429,422,459,505,516,465
NY,2008,dvrosurrenderdating,implemented,1696,1691,2099,2521,2328,2190,2276,2311,2168,2257,5328,553,508,502,413,479,462,449,497,426,396,346,412,401,456,412,434,429,422,459,505,516,465
NY,2008,expartedating,implemented,1696,1691,2099,2521,2328,2190,2276,2311,2168,2257,5328,553,508,502,413,479,462,449,497,426,396,346,412,401,456,412,434,429,422,459,505,516,465
NY,2008,expartesurrenderdating,implemented,1696,1691,2099,2521,2328,2190,2276,2311,2168,2257,5328,553,508,502,413,479,462,449,497,426,396,346,412,401,456,412,434,429,422,459,505,516,465
NY,2012,microstamp,removal,2328,2190,2276,2311,2168,2257,5328,5494,5138,4943,,479,462,449,497,426,396,346,336,386,380,,434,429,422,459,505,516,465,474,421,490,
NY,2013,assaultregister,implemented,2190,2276,2311,2168,2257,5328,5494,5138,4943,,,462,449,497,426,396,346,336,386,380,,,429,422,459,505,516,465,474,421,490,,
NY,2013,assaulttransfer,implemented,2190,2276,2311,2168,2257,5328,5494,5138,4943,,,462,449,497,426,396,346,336,386,380,,,429,422,459,505,516,465,474,421,490,,
NY,2013,magazinepreowned,implemented,2190,2276,2311,2168,2257,5328,5494,5138,4943,,,462,449,497,426,396,346,336,386,380,,,429,422,459,505,516,465,474,421,490,,
NY,2013,onefeature,implemented,2190,2276,2311,2168,2257,5328,5494,5138,4943,,,462,449,497,426,396,346,336,386,380,,,429,422,459,505,516,465,474,421,490,,
NY,2013,recordsallh,implemented,2190,2276,2311,2168,2257,5328,5494,5138,4943,,,462,449,497,426,396,346,336,386,380,,,429,422,459,505,516,465,474,421,490,,
NY,2013,relinquishment,implemented,2190,2276,2311,2168,2257,5328,5494,5138,4943,,,462,449,497,426,396,346,336,386,380,,,429,422,459,505,516,465,474,421,490,,
NY,2013,universal,implemented,2190,2276,2311,2168,2257,5328,5494,5138,4943,,,462,449,497,426,396,346,336,386,380,,,429,422,459,505,516,465,474,421,490,,
NY,2013,universalh,implemented,2190,2276,2311,2168,2257,5328,5494,5138,4943,,,462,449,497,426,396,346,336,386,380,,,429,422,459,505,516,465,474,421,490,,
NY,2013,universalpermit,implemented,2190,2276,2311,2168,2257,5328,5494,5138,4943,,,462,449,497,426,396,346,336,386,380,,,429,422,459,505,516,465,474,421,490,,
NY,2014,mcdvsurrender,implemented,2276,2311,2168,2257,5328,5494,5138,4943,,,,449,497,426,396,346,336,386,380,,,,422,459,505,516,465,474,421,490,,,
NY,2014,mcdvsurrenderdating,implemented,2276,2311,2168,2257,5328,5494,5138,4943,,,,449,497,426,396,346,336,386,380,,,,422,459,505,516,465,474,421,490,,,
NY,2014,mcdvsurrendernoconditions,implemented,2276,2311,2168,2257,5328,5494,5138,4943,,,,449,497,426,396,346,336,386,380,,,,422,459,505,516,465,474,421,490,,,
OH,2001,immunity,removal,,,,2327,2170,2717,3105,2041,3154,3223,3557,,,,203,184,262,292,254,238,303,328,,,,626,584,671,675,572,657,668,626
OH,2004,ccbackgroundnics,removal,2327,2170,2717,3105,2041,3154,3223,3557,2697,3370,3510,203,184,262,292,254,238,303,328,282,292,296,626,584,671,675,572,657,668,626,659,684,590
OH,2004,danger,implemented,2327,2170,2717,3105,2041,3154,3223,3557,2697,3370,3510,203,184,262,292,254,238,303,328,282,292,296,626,584,671,675,572,657,668,626,659,684,590
OH,2004,invcommitment,implemented,2327,2170,2717,3105,2041,3154,3223,3557,2697,3370,3510,203,184,262,292,254,238,303,328,282,292,296,626,584,671,675,572,657,668,626,659,684,590
OH,2004,mayissue,removal,2327,2170,2717,3105,2041,3154,3223,3557,2697,3370,3510,203,184,262,292,254,238,303,328,282,292,296,626,584,671,675,572,657,668,626,659,684,590
OH,2004,preemption,removal,2327,2170,2717,3105,2041,3154,3223,3557,2697,3370,3510,203,184,262,292,254,238,303,328,282,292,296,626,584,671,675,572,657,668,626,659,684,590
OH,2004,showing,removal,2327,2170,2717,3105,2041,3154,3223,3557,2697,3370,3510,203,184,262,292,254,238,303,328,282,292,296,626,584,671,675,572,657,668,626,659,684,590
OH,2007,preemptionbroad,removal,3105,2041,3154,3223,3557,2697,3370,3510,3511,3688,3101,292,254,238,303,328,282,292,296,301,336,290,675,572,657,668,626,659,684,590,724,726,784
OH,2007,preemptionnarrow,removal,3105,2041,3154,3223,3557,2697,3370,3510,3511,3688,3101,292,254,238,303,328,282,292,296,301,336,290,675,572,657,668,626,659,684,590,724,726,784
OH,2011,drugmisdemeanor,removal,3557,2697,3370,3510,3511,3688,3101,2897,3757,3897,5339,328,282,292,296,301,336,290,306,269,302,425,626,659,684,590,724,726,784,800,744,861,926
OH,2015,ccbackgroundnics,implemented,3511,3688,3101,2897,3757,3897,5339,,,,,301,336,290,306,269,302,425,,,,,724,726,784,800,744,861,926,,,,
OK,2006,nosyg,removal,2173,2109,2071,2159,2546,2477,2239,2464,2449,2347,2089,122,97,141,119,131,136,148,134,136,124,137,324,312,281,312,302,314,315,346,363,376,440
OK,2012,opencarrypermith,implemented,2239,2464,2449,2347,2089,2202,1950,2044,2522,2827,,148,134,136,124,137,160,134,122,167,181,,315,346,363,376,440,411,433,435,468,517,
OK,2013,elementary,removal,2464,2449,2347,2089,2202,1950,2044,2522,2827,,,134,136,124,137,160,134,122,167,181,,,346,363,376,440,411,433,435,468,517,,
OR,2000,backgroundpurge,implemented,,,,,1066,848,689,751,725,681,780,,,,,45,46,41,39,40,59,56,,,,,309,302,280,286,331,299,319
OR,2000,gunshow,implemented,,,,,1066,848,689,751,725,681,780,,,,,45,46,41,39,40,59,56,,,,,309,302,280,286,331,299,319
OR,2000,gunshowh,implemented,,,,,1066,848,689,751,725,681,780,,,,,45,46,41,39,40,59,56,,,,,309,302,280,286,331,299,319
OR,2000,mentalhealth,implemented,,,,,1066,848,689,751,725,681,780,,,,,45,46,41,39,40,59,56,,,,,309,302,280,286,331,299,319
OR,2000,recordsdealer,implemented,,,,,1066,848,689,751,725,681,780,,,,,45,46,41,39,40,59,56,,,,,309,302,280,286,331,299,319
OR,2000,reportdealer,implemented,,,,,1066,848,689,751,725,681,780,,,,,45,46,41,39,40,59,56,,,,,309,302,280,286,331,299,319
OR,2000,statechecks,implemented,,,,,1066,848,689,751,725,681,780,,,,,45,46,41,39,40,59,56,,,,,309,302,280,286,331,299,319
OR,2000,statechecksh,implemented,,,,,1066,848,689,751,725,681,780,,,,,45,46,41,39,40,59,56,,,,,309,302,280,286,331,299,319
OR,2015,invoutpatient,implemented,614,671,431,598,574,311,904,,,,,46,50,43,47,47,45,54,,,,,376,343,367,389,422,373,414,,,,
OR,2015,recordsall,implemented,614,671,431,598,574,311,904,,,,,46,50,43,47,47,45,54,,,,,376,343,367,389,422,373,414,,,,
OR,2015,recordsallh,implemented,614,671,431,598,574,311,904,,,,,46,50,43,47,47,45,54,,,,,376,343,367,389,422,373,414,,,,
OR,2015,reportall,implemented,614,671,431,598,574,311,904,,,,,46,50,43,47,47,45,54,,,,,376,343,367,389,422,373,414,,,,
OR,2015,reportallh,implemented,614,671,431,598,574,311,904,,,,,46,50,43,47,47,45,54,,,,,376,343,367,389,422,373,414,,,,
OR,2015,universal,implemented,614,671,431,598,574,311,904,,,,,46,50,43,47,47,45,54,,,,,376,343,367,389,422,373,414,,,,
OR,2015,universalh,implemented,614,671,431,598,574,311,904,,,,,46,50,43,47,47,45,54,,,,,376,343,367,389,422,373,414,,,,
OR,2015,universalpermit,implemented,614,671,431,598,574,311,904,,,,,46,50,43,47,47,45,54,,,,,376,343,367,389,422,373,414,,,,
OR,2015,universalpermith,implemented,614,671,431,598,574,311,904,,,,,46,50,43,47,47,45,54,,,,,376,343,367,389,422,373,414,,,,
OR,2016,dvro,implemented,671,431,598,574,311,904,,,,,,50,43,47,47,45,54,,,,,,343,367,389,422,373,414,,,,,
OR,2016,mcdv,implemented,671,431,598,574,311,904,,,,,,50,43,47,47,45,54,,,,,,343,367,389,422,373,414,,,,,
PA,2000,lockd,implemented,,,,,4705,5255,5132,5335,5068,5445,5678,,,,,409,424,433,415,435,468,529,,,,,709,756,684,720,724,722,768
PA,2006,mcdv,implemented,5132,5335,5068,5445,5678,5762,5353,5348,4851,4984,4675,433,415,435,468,529,578,541,527,496,473,491,684,720,724,722,768,734,719,770,825,762,883
PA,2006,mcdvsurrender,implemented,5132,5335,5068,5445,5678,5762,5353,5348,4851,4984,4675,433,415,435,468,529,578,541,527,496,473,491,684,720,724,722,768,734,719,770,825,762,883
PA,2006,mcdvsurrendernoconditions,implemented,5132,5335,5068,5445,5678,5762,5353,5348,4851,4984,4675,433,415,435,468,529,578,541,527,496,473,491,684,720,724,722,768,734,719,770,825,762,883
PA,2008,strawpurchaseh,implemented,5068,5445,5678,5762,5353,5348,4851,4984,4675,4817,4452,435,468,529,578,541,527,496,473,491,555,475,724,722,768,734,719,770,825,762,883,819,918
PA,2011,nosyg,removal,5762,5353,5348,4851,4984,4675,4817,4452,4399,4470,4731,578,541,527,496,473,491,555,475,451,498,489,734,719,770,825,762,883,819,918,897,932,976
RI,2000,lockd,implemented,,,,,244,217,256,271,358,306,225,,,,,18,32,18,26,17,15,16,,,,,24,25,17,30,11,18,15
RI,2014,alcoholism,removal,320,302,156,378,398,290,344,268,,,,16,17,11,19,15,13,10,14,,,,39,29,17,17,26,14,26,26,,,
RI,2014,alctreatment,removal,320,302,156,378,398,290,344,268,,,,16,17,11,19,15,13,10,14,,,,39,29,17,17,26,14,26,26,,,
SC,2000,immunity,removal,,,,,2567,1383,2171,5247,5000,5691,5780,,,,,182,179,203,197,192,195,209,,,,,287,297,311,304,328,328,314
SC,2001,recordsdealerh,implemented,,,,2567,1383,2171,5247,5000,5691,5780,6071,,,,182,179,203,197,192,195,209,236,,,,287,297,311,304,328,328,314,315
SC,2004,onepermonth,removal,2567,1383,2171,5247,5000,5691,5780,6071,6058,5602,5685,182,179,203,197,192,195,209,236,233,210,199,287,297,311,304,328,328,314,315,311,343,377
SC,2005,recordsdealerh,removal,1383,2171,5247,5000,5691,5780,6071,6058,5602,5685,5274,179,203,197,192,195,209,236,233,210,199,191,297,311,304,328,328,314,315,311,343,377,392
SC,2005,reportdealerh,removal,1383,2171,5247,5000,5691,5780,6071,6058,5602,5685,5274,179,203,197,192,195,209,236,233,210,199,191,297,311,304,328,328,314,315,311,343,377,392
SC,2006,nosyg,removal,2171,5247,5000,5691,5780,6071,6058,5602,5685,5274,5272,203,197,192,195,209,236,233,210,199,191,207,311,304,328,328,314,315,311,343,377,392,426
SC,2008,age21handgunpossess,removal,5000,5691,5780,6071,6058,5602,5685,5274,5272,5069,5749,192,195,209,236,233,210,199,191,207,239,207,328,328,314,315,311,343,377,392,426,433,470
SC,2008,age21handgunsale,removal,5000,5691,5780,6071,6058,5602,5685,5274,5272,5069,5749,192,195,209,236,233,210,199,191,207,239,207,328,328,314,315,311,343,377,392,426,433,470
SC,2012,dealerh,removal,6058,5602,5685,5274,5272,5069,5749,5033,6241,7186,,233,210,199,191,207,239,207,225,297,283,,311,343,377,392,426,433,470,470,469,525,
SC,2012,junkgun,removal,6058,5602,5685,5274,5272,5069,5749,5033,6241,7186,,233,210,199,191,207,239,207,225,297,283,,311,343,377,392,426,433,470,470,469,525,
SC,2013,danger,implemented,5602,5685,5274,5272,5069,5749,5033,6241,7186,,,210,199,191,207,239,207,225,297,283,,,343,377,392,426,433,470,470,469,525,,
SC,2013,invcommitment,implemented,5602,5685,5274,5272,5069,5749,5033,6241,7186,,,210,199,191,207,239,207,225,297,283,,,343,377,392,426,433,470,470,469,525,,
SD,2002,ccbackground,implemented,,,94,86,67,85,114,75,37,112,105,,,5,1,4,3,4,5,6,1,4,,,52,46,42,45,57,59,67,69,43
SD,2005,mcdv,implemented,86,67,85,114,75,37,112,105,112,109,144,1,4,3,4,5,6,1,4,10,8,8,46,42,45,57,59,67,69,43,64,59,65
SD,2006,nosyg,removal,67,85,114,75,37,112,105,112,109,144,151,4,3,4,5,6,1,4,10,8,8,8,42,45,57,59,67,69,43,64,59,65,58
SD,2013,elementary,removal,112,109,144,151,252,190,213,293,235,,,10,8,8,8,5,4,8,10,8,,,64,59,65,58,75,68,70,73,83,,
TN,2007,nosyg,removal,9231,8799,8809,9972,9754,9645,9381,9154,8231,8555,8635,282,271,231,298,287,273,248,300,235,266,275,521,493,526,552,569,545,609,574,585,591,626
TN,2008,felony,implemented,8799,8809,9972,9754,9645,9381,9154,8231,8555,8635,8295,271,231,298,287,273,248,300,235,266,275,240,493,526,552,569,545,609,574,585,591,626,676
TN,2009,danger,implemented,8809,9972,9754,9645,9381,9154,8231,8555,8635,8295,9425,231,298,287,273,248,300,235,266,275,240,270,526,552,569,545,609,574,585,591,626,676,644
TN,2009,dvro,implemented,8809,9972,9754,9645,9381,9154,8231,8555,8635,8295,9425,231,298,287,273,248,300,235,266,275,240,270,526,552,569,545,609,574,585,591,626,676,644
TN,2009,dvrosurrender,implemented,8809,9972,9754,9645,9381,9154,8231,8555,8635,8295,9425,231,298,287,273,248,300,235,266,275,240,270,526,552,569,545,609,574,585,591,626,676,644
TN,2009,dvrosurrendernoconditions,implemented,8809,9972,9754,9645,9381,9154,8231,8555,8635,8295,9425,231,298,287,273,248,300,235,266,275,240,270,526,552,569,545,609,574,585,591,626,676,644
TN,2009,invcommitment,implemented,8809,9972,9754,9645,9381,9154,8231,8555,8635,8295,9425,231,298,287,273,248,300,235,266,275,240,270,526,552,569,545,609,574,585,591,626,676,644
TN,2009,invoutpatient,implemented,8809,9972,9754,9645,9381,9154,8231,8555,8635,8295,9425,231,298,287,273,248,300,235,266,275,240,270,526,552,569,545,609,574,585,591,626,676,644
TN,2009,mcdv,implemented,8809,9972,9754,9645,9381,9154,8231,8555,8635,8295,9425,231,298,287,273,248,300,235,266,275,240,270,526,552,569,545,609,574,585,591,626,676,644
TN,2009,mcdvsurrender,implemented,8809,9972,9754,9645,9381,9154,8231,8555,8635,8295,9425,231,298,287,273,248,300,235,266,275,240,270,526,552,569,545,609,574,585,591,626,676,644
TN,2009,mcdvsurrendernoconditions,implemented,8809,9972,9754,9645,9381,9154,8231,8555,8635,8295,9425,231,298,287,273,248,300,235,266,275,240,270,526,552,569,545,609,574,585,591,626,676,644
TN,2016,collegeconcealed,removal,8555,8635,8295,9425,9855,10924,,,,,,266,275,240,270,315,375,,,,,,591,626,676,644,638,675,,,,,
TN,2016,elementary,removal,8555,8635,8295,9425,9855,10924,,,,,,266,275,240,270,315,375,,,,,,591,626,676,644,638,675,,,,,
TX,2001,dvro,implemented,,,,14820,14866,15534,16585,16352,16107,17514,17513,,,,727,760,805,809,881,877,933,961,,,,1224,1269,1377,1315,1350,1318,1381,1311
TX,2001,dvrodating,implemented,,,,14820,14866,15534,16585,16352,16107,17514,17513,,,,727,760,805,809,881,877,933,961,,,,1224,1269,1377,1315,1350,1318,1381,1311
TX,2001,mcdv,implemented,,,,14820,14866,15534,16585,16352,16107,17514,17513,,,,727,760,805,809,881,877,933,961,,,,1224,1269,1377,1315,1350,1318,1381,1311
TX,2007,nosyg,removal,16585,16352,16107,17514,17513,17174,17622,17516,15544,13998,15227,809,881,877,933,961,986,936,920,859,748,799,1315,1350,1318,1381,1311,1411,1506,1583,1702,1684,1744
TX,2008,exparte,implemented,16352,16107,17514,17513,17174,17622,17516,15544,13998,15227,15053,881,877,933,961,986,936,920,859,748,799,810,1350,1318,1381,1311,1411,1506,1583,1702,1684,1744,1780
TX,2008,expartedating,implemented,16352,16107,17514,17513,17174,17622,17516,15544,13998,15227,15053,881,877,933,961,986,936,920,859,748,799,810,1350,1318,1381,1311,1411,1506,1583,1702,1684,1744,1780
TX,2009,ccrevoke,implemented,16107,17514,17513,17174,17622,17516,15544,13998,15227,15053,14890,877,933,961,986,936,920,859,748,799,810,846,1318,1381,1311,1411,1506,1583,1702,1684,1744,1780,1789
TX,2016,collegeconcealed,removal,13998,15227,15053,14890,18051,21222,,,,,,748,799,810,846,969,1084,,,,,,1684,1744,1780,1789,1994,2016,,,,,
TX,2016,opencarryh,removal,13998,15227,15053,14890,18051,21222,,,,,,748,799,810,846,969,1084,,,,,,1684,1744,1780,1789,1994,2016,,,,,
UT,2000,immunity,removal,,,,,445,398,435,594,546,510,529,,,,,30,17,37,31,28,27,29,,,,,153,174,182,174,181,183,190
UT,2002,college,removal,,,445,398,435,594,546,510,529,628,660,,,30,17,37,31,28,27,29,20,38,,,153,174,182,174,181,183,190,189,197
VA,2000,immunity,removal,,,,,1271,1296,1759,1929,1125,1579,2367,,,,,239,248,215,246,267,238,298,,,,,503,484,467,491,452,494,511
VA,2004,dealerh,removal,1271,1296,1759,1929,1125,1579,2367,2080,1998,2146,1819,239,248,215,246,267,238,298,248,251,232,239,503,484,467,491,452,494,511,499,487,524,527
VA,2004,permith,removal,1271,1296,1759,1929,1125,1579,2367,2080,1998,2146,1819,239,248,215,246,267,238,298,248,251,232,239,503,484,467,491,452,494,511,499,487,524,527
VA,2008,invoutpatient,implemented,1125,1579,2367,2080,1998,2146,1819,1872,1722,1887,1970,267,238,298,248,251,232,239,241,203,209,221,452,494,511,499,487,524,527,576,604,587,601
VA,2012,onepermonth,removal,1998,2146,1819,1872,1722,1887,1970,2325,2596,3229,,251,232,239,241,203,209,221,222,260,349,,487,524,527,576,604,587,601,626,630,671,
VA,2016,dvro,implemented,1722,1887,1970,2325,2596,3229,,,,,,203,209,221,222,260,349,,,,,,604,587,601,626,630,671,,,,,
VT,2015,mcdv,implemented,49,67,61,62,46,72,39,,,,,2,5,3,6,5,7,5,,,,,64,65,49,56,55,57,64,,,,
VT,2015,mcdvdating,implemented,49,67,61,62,46,72,39,,,,,2,5,3,6,5,7,5,,,,,64,65,49,56,55,57,64,,,,
VT,2015,stalking,implemented,49,67,61,62,46,72,39,,,,,2,5,3,6,5,7,5,,,,,64,65,49,56,55,57,64,,,,
WA,2011,ccbackgroundnics,implemented,1544,1914,1805,1719,1678,1798,1850,1631,1720,2130,2708,111,103,115,109,106,94,109,107,111,136,124,397,413,439,470,464,495,529,483,551,537,515
WA,2014,backgroundpurge,implemented,1719,1678,1798,1850,1631,1720,2130,2708,,,,109,106,94,109,107,111,136,124,,,,470,464,495,529,483,551,537,515,,,
WA,2014,defactoregh,implemented,1719,1678,1798,1850,1631,1720,2130,2708,,,,109,106,94,109,107,111,136,124,,,,470,464,495,529,483,551,537,515,,,
WA,2014,gunshow,implemented,1719,1678,1798,1850,1631,1720,2130,2708,,,,109,106,94,109,107,111,136,124,,,,470,464,495,529,483,551,537,515,,,
WA,2014,gunshowh,implemented,1719,1678,1798,1850,1631,1720,2130,2708,,,,109,106,94,109,107,111,136,124,,,,470,464,495,529,483,551,537,515,,,
WA,2014,mentalhealth,implemented,1719,1678,1798,1850,1631,1720,2130,2708,,,,109,106,94,109,107,111,136,124,,,,470,464,495,529,483,551,537,515,,,
WA,2014,permith,implemented,1719,1678,1798,1850,1631,1720,2130,2708,,,,109,106,94,109,107,111,136,124,,,,470,464,495,529,483,551,537,515,,,
WA,2014,permitlaw,implemented,1719,1678,1798,1850,1631,1720,2130,2708,,,,109,106,94,109,107,111,136,124,,,,470,464,495,529,483,551,537,515,,,
WA,2014,recordsallh,implemented,1719,1678,1798,1850,1631,1720,2130,2708,,,,109,106,94,109,107,111,136,124,,,,470,464,495,529,483,551,537,515,,,
WA,2014,reportallh,implemented,1719,1678,1798,1850,1631,1720,2130,2708,,,,109,106,94,109,107,111,136,124,,,,470,464,495,529,483,551,537,515,,,
WA,2014,statechecks,implemented,1719,1678,1798,1850,1631,1720,2130,2708,,,,109,106,94,109,107,111,136,124,,,,470,464,495,529,483,551,537,515,,,
WA,2014,statechecksh,implemented,1719,1678,1798,1850,1631,1720,2130,2708,,,,109,106,94,109,107,111,136,124,,,,470,464,495,529,483,551,537,515,,,
WA,2014,threedaylimit,implemented,1719,1678,1798,1850,1631,1720,2130,2708,,,,109,106,94,109,107,111,136,124,,,,470,464,495,529,483,551,537,515,,,
WA,2014,universal,implemented,1719,1678,1798,1850,1631,1720,2130,2708,,,,109,106,94,109,107,111,136,124,,,,470,464,495,529,483,551,537,515,,,
WA,2014,universalh,implemented,1719,1678,1798,1850,1631,1720,2130,2708,,,,109,106,94,109,107,111,136,124,,,,470,464,495,529,483,551,537,515,,,
WA,2014,universalpermit,implemented,1719,1678,1798,1850,1631,1720,2130,2708,,,,109,106,94,109,107,111,136,124,,,,470,464,495,529,483,551,537,515,,,
WA,2014,universalpermith,implemented,1719,1678,1798,1850,1631,1720,2130,2708,,,,109,106,94,109,107,111,136,124,,,,470,464,495,529,483,551,537,515,,,
WA,2016,gvro,implemented,1798,1850,1631,1720,2130,2708,,,,,,94,109,107,111,136,124,,,,,,495,529,483,551,537,515,,,,,
WA,2016,gvrolawenforcement,implemented,1798,1850,1631,1720,2130,2708,,,,,,94,109,107,111,136,124,,,,,,495,529,483,551,537,515,,,,,
WI,2002,dvrodating,implemented,,,1136,1104,966,1008,930,806,1327,2056,2258,,,131,113,115,112,129,99,146,100,119,,,299,304,317,308,310,308,302,299,338
WI,2002,dvrosurrenderdating,implemented,,,1136,1104,966,1008,930,806,1327,2056,2258,,,131,113,115,112,129,99,146,100,119,,,299,304,317,308,310,308,302,299,338
WI,2002,stalking,implemented,,,1136,1104,966,1008,930,806,1327,2056,2258,,,131,113,115,112,129,99,146,100,119,,,299,304,317,308,310,308,302,299,338
WI,2010,alctreatment,implemented,1327,2056,2258,2003,1900,1764,1495,1953,2087,2554,2841,146,100,119,87,95,103,82,109,117,125,169,302,299,338,344,345,378,351,348,437,352,424
WI,2010,danger,implemented,1327,2056,2258,2003,1900,1764,1495,1953,2087,2554,2841,146,100,119,87,95,103,82,109,117,125,169,302,299,338,344,345,378,351,348,437,352,424
WI,2011,mayissue,removal,2056,2258,2003,1900,1764,1495,1953,2087,2554,2841,2824,100,119,87,95,103,82,109,117,125,169,187,299,338,344,345,378,351,348,437,352,424,455
WI,2011,showing,removal,2056,2258,2003,1900,1764,1495,1953,2087,2554,2841,2824,100,119,87,95,103,82,109,117,125,169,187,299,338,344,345,378,351,348,437,352,424,455
WI,2015,waitingh,removal,1764,1495,1953,2087,2554,2841,2824,,,,,103,82,109,117,125,169,187,,,,,378,351,348,437,352,424,455,,,,
WV,2000,dvro,implemented,,,,,814,412,345,541,360,558,833,,,,,46,39,19,43,33,36,38,,,,,169,173,195,188,191,192,188
WV,2000,dvrodating,implemented,,,,,814,412,345,541,360,558,833,,,,,46,39,19,43,33,36,38,,,,,169,173,195,188,191,192,188
WV,2000,mcdv,implemented,,,,,814,412,345,541,360,558,833,,,,,46,39,19,43,33,36,38,,,,,169,173,195,188,191,192,188
WV,2000,mcdvdating,implemented,,,,,814,412,345,541,360,558,833,,,,,46,39,19,43,33,36,38,,,,,169,173,195,188,191,192,188
WV,2000,violentpartial,implemented,,,,,814,412,345,541,360,558,833,,,,,46,39,19,43,33,36,38,,,,,169,173,195,188,191,192,188
WV,2001,exparte,implemented,,,,814,412,345,541,360,558,833,407,,,,46,39,19,43,33,36,38,35,,,,169,173,195,188,191,192,188,179
WV,2001,expartedating,implemented,,,,814,412,345,541,360,558,833,407,,,,46,39,19,43,33,36,38,35,,,,169,173,195,188,191,192,188,179
WV,2003,immunity,removal,,814,412,345,541,360,558,833,407,759,559,,46,39,19,43,33,36,38,35,34,31,,169,173,195,188,191,192,188,179,205,172
WV,2008,nosyg,removal,360,558,833,407,759,559,762,339,780,578,392,33,36,38,35,34,31,35,27,40,41,30,191,192,188,179,205,172,178,210,200,198,225
WV,2010,age18longgunsale,implemented,833,407,759,559,762,339,780,578,392,682,804,38,35,34,31,35,27,40,41,30,22,37,188,179,205,172,178,210,200,198,225,217,215
WV,2010,age21handgunsale,implemented,833,407,759,559,762,339,780,578,392,682,804,38,35,34,31,35,27,40,41,30,22,37,188,179,205,172,178,210,200,198,225,217,215
WV,2010,amm18,implemented,833,407,759,559,762,339,780,578,392,682,804,38,35,34,31,35,27,40,41,30,22,37,188,179,205,172,178,210,200,198,225,217,215
WV,2010,amm21h,implemented,833,407,759,559,762,339,780,578,392,682,804,38,35,34,31,35,27,40,41,30,22,37,188,179,205,172,178,210,200,198,225,217,215
WV,2012,ccbackgroundnics,implemented,759,559,762,339,780,578,392,682,804,1025,,34,31,35,27,40,41,30,22,37,48,,205,172,178,210,200,198,225,217,215,238,
WV,2012,ccrenewbackground,implemented,759,559,762,339,780,578,392,682,804,1025,,34,31,35,27,40,41,30,22,37,48,,205,172,178,210,200,198,225,217,215,238,
WV,2016,ccbackground,removal,780,578,392,682,804,1025,,,,,,40,41,30,22,37,48,,,,,,200,198,225,217,215,238,,,,,
WV,2016,ccbackgroundnics,removal,780,578,392,682,804,1025,,,,,,40,41,30,22,37,48,,,,,,200,198,225,217,215,238,,,,,
WV,2016,ccrenewbackground,removal,780,578,392,682,804,1025,,,,,,40,41,30,22,37,48,,,,,,200,198,225,217,215,238,,,,,
WV,2016,ccrevoke,removal,780,578,392,682,804,1025,,,,,,40,41,30,22,37,48,,,,,,200,198,225,217,215,238,,,,,
WV,2016,elementary,removal,780,578,392,682,804,1025,,,,,,40,41,30,22,37,48,,,,,,200,198,225,217,215,238,,,,,
WV,2016,permitconcealed,removal,780,578,392,682,804,1025,,,,,,40,41,30,22,37,48,,,,,,200,198,225,217,215,238,,,,,
WY,2010,age18longgunsale,implemented,80,93,98,96,98,79,112,92,87,91,102,9,5,8,4,6,5,8,7,7,9,8,48,66,58,87,82,83,78,102,89,78,88
WY,2010,age21handgunsale,implemented,80,93,98,96,98,79,112,92,87,91,102,9,5,8,4,6,5,8,7,7,9,8,48,66,58,87,82,83,78,102,89,78,88
WY,2010,felony,implemented,80,93,98,96,98,79,112,92,87,91,102,9,5,8,4,6,5,8,7,7,9,8,48,66,58,87,82,83,78,102,89,78,88
WY,2011,ccbackground,removal,93,98,96,98,79,112,92,87,91,102,90,5,8,4,6,5,8,7,7,9,8,7,66,58,87,82,83,78,102,89,78,88,87
WY,2011,ccrenewbackground,removal,93,98,96,98,79,112,92,87,91,102,90,5,8,4,6,5,8,7,7,9,8,7,66,58,87,82,83,78,102,89,78,88,87
WY,2011,ccrevoke,removal,93,98,96,98,79,112,92,87,91,102,90,5,8,4,6,5,8,7,7,9,8,7,66,58,87,82,83,78,102,89,78,88,87
WY,2011,permitconcealed,removal,93,98,96,98,79,112,92,87,91,102,90,5,8,4,6,5,8,7,7,9,8,7,66,58,87,82,83,78,102,89,78,88,87
