State,Year,LawName,Switching,Assaults_-16,Assaults_-15,Assaults_-14,Assaults_-13,Assaults_-12,Assaults_-11,Assaults_-10,Assaults_-9,Assaults_-8,Assaults_-7,Assaults_-6,Assaults_-5,Assaults_-4,Assaults_-3,Assaults_-2,Assaults_-1,Assaults_0,Assaults_1,Assaults_2,Assaults_3,Assaults_4,Assaults_5,Assaults_6,Assaults_7,Assaults_8,Assaults_9,Assaults_10,Assaults_11,Assaults_12,Assaults_13,Assaults_14,Assaults_15,Assaults_16
AK,2003,ccbackground,removal,,,,,,,,,,,,,535,353,454,441,495,459,582,590,589,535,540,543,575,549,550,599,716,883,,,
AK,2003,ccrevoke,removal,,,,,,,,,,,,,535,353,454,441,495,459,582,590,589,535,540,543,575,549,550,599,716,883,,,
AK,2003,permitconcealed,removal,,,,,,,,,,,,,535,353,454,441,495,459,582,590,589,535,540,543,575,549,550,599,716,883,,,
AK,2013,nosyg,removal,,,535,353,454,441,495,459,582,590,589,535,540,543,575,549,550,599,716,883,,,,,,,,,,,,,
AL,2000,immunity,removal,,,,,,,,,,,,,,,,1645,2461,1962,2402,1782,1738,1520,1523,1906,2258,1609,1529,1607,1610,2272,2213,3216,3994
AL,2000,preemptionbroad,removal,,,,,,,,,,,,,,,,1645,2461,1962,2402,1782,1738,1520,1523,1906,2258,1609,1529,1607,1610,2272,2213,3216,3994
AL,2000,recordsallh,removal,,,,,,,,,,,,,,,,1645,2461,1962,2402,1782,1738,1520,1523,1906,2258,1609,1529,1607,1610,2272,2213,3216,3994
AL,2000,reportallh,removal,,,,,,,,,,,,,,,,1645,2461,1962,2402,1782,1738,1520,1523,1906,2258,1609,1529,1607,1610,2272,2213,3216,3994
AL,2000,waitingh,removal,,,,,,,,,,,,,,,,1645,2461,1962,2402,1782,1738,1520,1523,1906,2258,1609,1529,1607,1610,2272,2213,3216,3994
AL,2006,ccbackground,implemented,,,,,,,,,,1645,2461,1962,2402,1782,1738,1520,1523,1906,2258,1609,1529,1607,1610,2272,2213,3216,3994,,,,,,
AL,2006,nosyg,removal,,,,,,,,,,1645,2461,1962,2402,1782,1738,1520,1523,1906,2258,1609,1529,1607,1610,2272,2213,3216,3994,,,,,,
AL,2012,stalking,removal,,,,1645,2461,1962,2402,1782,1738,1520,1523,1906,2258,1609,1529,1607,1610,2272,2213,3216,3994,,,,,,,,,,,,
AL,2013,ccbackgroundnics,implemented,,,1645,2461,1962,2402,1782,1738,1520,1523,1906,2258,1609,1529,1607,1610,2272,2213,3216,3994,,,,,,,,,,,,,
AL,2013,ccrenewbackground,implemented,,,1645,2461,1962,2402,1782,1738,1520,1523,1906,2258,1609,1529,1607,1610,2272,2213,3216,3994,,,,,,,,,,,,,
AL,2013,mayissue,removal,,,1645,2461,1962,2402,1782,1738,1520,1523,1906,2258,1609,1529,1607,1610,2272,2213,3216,3994,,,,,,,,,,,,,
AL,2013,showing,removal,,,1645,2461,1962,2402,1782,1738,1520,1523,1906,2258,1609,1529,1607,1610,2272,2213,3216,3994,,,,,,,,,,,,,
AL,2015,danger,implemented,1645,2461,1962,2402,1782,1738,1520,1523,1906,2258,1609,1529,1607,1610,2272,2213,3216,3994,,,,,,,,,,,,,,,
AL,2015,dvro,implemented,1645,2461,1962,2402,1782,1738,1520,1523,1906,2258,1609,1529,1607,1610,2272,2213,3216,3994,,,,,,,,,,,,,,,
AL,2015,invcommitment,implemented,1645,2461,1962,2402,1782,1738,1520,1523,1906,2258,1609,1529,1607,1610,2272,2213,3216,3994,,,,,,,,,,,,,,,
AL,2015,mcdv,implemented,1645,2461,1962,2402,1782,1738,1520,1523,1906,2258,1609,1529,1607,1610,2272,2213,3216,3994,,,,,,,,,,,,,,,
AL,2015,purge,removal,1645,2461,1962,2402,1782,1738,1520,1523,1906,2258,1609,1529,1607,1610,2272,2213,3216,3994,,,,,,,,,,,,,,,
AL,2015,recordsdealerh,removal,1645,2461,1962,2402,1782,1738,1520,1523,1906,2258,1609,1529,1607,1610,2272,2213,3216,3994,,,,,,,,,,,,,,,
AL,2015,reportdealerh,removal,1645,2461,1962,2402,1782,1738,1520,1523,1906,2258,1609,1529,1607,1610,2272,2213,3216,3994,,,,,,,,,,,,,,,
AL,2015,security,removal,1645,2461,1962,2402,1782,1738,1520,1523,1906,2258,1609,1529,1607,1610,2272,2213,3216,3994,,,,,,,,,,,,,,,
AR,2013,collegeconcealed,removal,,,1761,1687,1373,1322,1510,2008,2550,2577,2565,2316,2515,2548,2518,2541,2471,2822,3114,3884,,,,,,,,,,,,,
AR,2013,stalking,removal,,,1761,1687,1373,1322,1510,2008,2550,2577,2565,2316,2515,2548,2518,2541,2471,2822,3114,3884,,,,,,,,,,,,,
AZ,2000,mcdv,implemented,,,,,,,,,,,,,,,,4349,4103,4105,4604,4895,4916,3892,5353,4863,4842,4053,3618,3603,4010,3942,2773,4242,5024
AZ,2000,mcdvdating,implemented,,,,,,,,,,,,,,,,4349,4103,4105,4604,4895,4916,3892,5353,4863,4842,4053,3618,3603,4010,3942,2773,4242,5024
AZ,2010,ccbackground,removal,,,,,,4349,4103,4105,4604,4895,4916,3892,5353,4863,4842,4053,3618,3603,4010,3942,2773,4242,5024,,,,,,,,,,
AZ,2010,ccrenewbackground,removal,,,,,,4349,4103,4105,4604,4895,4916,3892,5353,4863,4842,4053,3618,3603,4010,3942,2773,4242,5024,,,,,,,,,,
AZ,2010,ccrevoke,removal,,,,,,4349,4103,4105,4604,4895,4916,3892,5353,4863,4842,4053,3618,3603,4010,3942,2773,4242,5024,,,,,,,,,,
AZ,2010,nosyg,removal,,,,,,4349,4103,4105,4604,4895,4916,3892,5353,4863,4842,4053,3618,3603,4010,3942,2773,4242,5024,,,,,,,,,,
AZ,2010,permitconcealed,removal,,,,,,4349,4103,4105,4604,4895,4916,3892,5353,4863,4842,4053,3618,3603,4010,3942,2773,4242,5024,,,,,,,,,,
CA,2000,dvro,implemented,,,,,,,,,,,,,,,,19051,20981,21418,22889,22290,22197,23182,23494,21547,19126,17297,16937,17055,17680,15616,15776,18140,20633
CA,2000,dvrodating,implemented,,,,,,,,,,,,,,,,19051,20981,21418,22889,22290,22197,23182,23494,21547,19126,17297,16937,17055,17680,15616,15776,18140,20633
CA,2000,dvrosurrender,implemented,,,,,,,,,,,,,,,,19051,20981,21418,22889,22290,22197,23182,23494,21547,19126,17297,16937,17055,17680,15616,15776,18140,20633
CA,2000,dvrosurrenderdating,implemented,,,,,,,,,,,,,,,,19051,20981,21418,22889,22290,22197,23182,23494,21547,19126,17297,16937,17055,17680,15616,15776,18140,20633
CA,2000,dvrosurrendernoconditions,implemented,,,,,,,,,,,,,,,,19051,20981,21418,22889,22290,22197,23182,23494,21547,19126,17297,16937,17055,17680,15616,15776,18140,20633
CA,2000,exparte,implemented,,,,,,,,,,,,,,,,19051,20981,21418,22889,22290,22197,23182,23494,21547,19126,17297,16937,17055,17680,15616,15776,18140,20633
CA,2000,expartedating,implemented,,,,,,,,,,,,,,,,19051,20981,21418,22889,22290,22197,23182,23494,21547,19126,17297,16937,17055,17680,15616,15776,18140,20633
CA,2000,expartesurrender,implemented,,,,,,,,,,,,,,,,19051,20981,21418,22889,22290,22197,23182,23494,21547,19126,17297,16937,17055,17680,15616,15776,18140,20633
CA,2000,expartesurrenderdating,implemented,,,,,,,,,,,,,,,,19051,20981,21418,22889,22290,22197,23182,23494,21547,19126,17297,16937,17055,17680,15616,15776,18140,20633
CA,2000,expartesurrendernoconditions,implemented,,,,,,,,,,,,,,,,19051,20981,21418,22889,22290,22197,23182,23494,21547,19126,17297,16937,17055,17680,15616,15776,18140,20633
CA,2000,incidentremoval,implemented,,,,,,,,,,,,,,,,19051,20981,21418,22889,22290,22197,23182,23494,21547,19126,17297,16937,17055,17680,15616,15776,18140,20633
CA,2000,magazine,implemented,,,,,,,,,,,,,,,,19051,20981,21418,22889,22290,22197,23182,23494,21547,19126,17297,16937,17055,17680,15616,15776,18140,20633
CA,2000,onefeature,implemented,,,,,,,,,,,,,,,,19051,20981,21418,22889,22290,22197,23182,23494,21547,19126,17297,16937,17055,17680,15616,15776,18140,20633
CA,2000,tenroundlimit,implemented,,,,,,,,,,,,,,,,19051,20981,21418,22889,22290,22197,23182,23494,21547,19126,17297,16937,17055,17680,15616,15776,18140,20633
CA,2001,junkgun,implemented,,,,,,,,,,,,,,,19051,20981,21418,22889,22290,22197,23182,23494,21547,19126,17297,16937,17055,17680,15616,15776,18140,20633,
CA,2002,immunity,implemented,,,,,,,,,,,,,,19051,20981,21418,22889,22290,22197,23182,23494,21547,19126,17297,16937,17055,17680,15616,15776,18140,20633,,
CA,2002,lockd,implemented,,,,,,,,,,,,,,19051,20981,21418,22889,22290,22197,23182,23494,21547,19126,17297,16937,17055,17680,15616,15776,18140,20633,,
CA,2002,lockp,implemented,,,,,,,,,,,,,,19051,20981,21418,22889,22290,22197,23182,23494,21547,19126,17297,16937,17055,17680,15616,15776,18140,20633,,
CA,2002,lockstandards,implemented,,,,,,,,,,,,,,19051,20981,21418,22889,22290,22197,23182,23494,21547,19126,17297,16937,17055,17680,15616,15776,18140,20633,,
CA,2002,mcdvsurrender,implemented,,,,,,,,,,,,,,19051,20981,21418,22889,22290,22197,23182,23494,21547,19126,17297,16937,17055,17680,15616,15776,18140,20633,,
CA,2002,mcdvsurrenderdating,implemented,,,,,,,,,,,,,,19051,20981,21418,22889,22290,22197,23182,23494,21547,19126,17297,16937,17055,17680,15616,15776,18140,20633,,
CA,2002,mcdvsurrendernoconditions,implemented,,,,,,,,,,,,,,19051,20981,21418,22889,22290,22197,23182,23494,21547,19126,17297,16937,17055,17680,15616,15776,18140,20633,,
CA,2011,ammrecords,implemented,,,,,19051,20981,21418,22889,22290,22197,23182,23494,21547,19126,17297,16937,17055,17680,15616,15776,18140,20633,,,,,,,,,,,
CA,2012,fingerprint,implemented,,,,19051,20981,21418,22889,22290,22197,23182,23494,21547,19126,17297,16937,17055,17680,15616,15776,18140,20633,,,,,,,,,,,,
CA,2013,capaccess,implemented,,,19051,20981,21418,22889,22290,22197,23182,23494,21547,19126,17297,16937,17055,17680,15616,15776,18140,20633,,,,,,,,,,,,,
CA,2013,capliability,implemented,,,19051,20981,21418,22889,22290,22197,23182,23494,21547,19126,17297,16937,17055,17680,15616,15776,18140,20633,,,,,,,,,,,,,
CA,2013,dvroremoval,implemented,,,19051,20981,21418,22889,22290,22197,23182,23494,21547,19126,17297,16937,17055,17680,15616,15776,18140,20633,,,,,,,,,,,,,
CA,2013,microstamp,implemented,,,19051,20981,21418,22889,22290,22197,23182,23494,21547,19126,17297,16937,17055,17680,15616,15776,18140,20633,,,,,,,,,,,,,
CA,2014,defactoreg,implemented,,19051,20981,21418,22889,22290,22197,23182,23494,21547,19126,17297,16937,17055,17680,15616,15776,18140,20633,,,,,,,,,,,,,,
CA,2015,collegeconcealed,implemented,19051,20981,21418,22889,22290,22197,23182,23494,21547,19126,17297,16937,17055,17680,15616,15776,18140,20633,,,,,,,,,,,,,,,
CA,2015,permit,implemented,19051,20981,21418,22889,22290,22197,23182,23494,21547,19126,17297,16937,17055,17680,15616,15776,18140,20633,,,,,,,,,,,,,,,
CA,2016,gvro,implemented,20981,21418,22889,22290,22197,23182,23494,21547,19126,17297,16937,17055,17680,15616,15776,18140,20633,,,,,,,,,,,,,,,,
CA,2016,gvrolawenforcement,implemented,20981,21418,22889,22290,22197,23182,23494,21547,19126,17297,16937,17055,17680,15616,15776,18140,20633,,,,,,,,,,,,,,,,
CO,2000,immunity,removal,,,,,,,,,,,,,,,,1649,1390,1552,1446,1531,2096,2688,2547,2154,2029,2059,1936,2217,2428,2542,2713,3142,3590
CO,2000,traffickingprohibited,implemented,,,,,,,,,,,,,,,,1649,1390,1552,1446,1531,2096,2688,2547,2154,2029,2059,1936,2217,2428,2542,2713,3142,3590
CO,2000,traffickingprohibitedh,implemented,,,,,,,,,,,,,,,,1649,1390,1552,1446,1531,2096,2688,2547,2154,2029,2059,1936,2217,2428,2542,2713,3142,3590
CO,2001,gunshow,implemented,,,,,,,,,,,,,,,1649,1390,1552,1446,1531,2096,2688,2547,2154,2029,2059,1936,2217,2428,2542,2713,3142,3590,
CO,2001,gunshowh,implemented,,,,,,,,,,,,,,,1649,1390,1552,1446,1531,2096,2688,2547,2154,2029,2059,1936,2217,2428,2542,2713,3142,3590,
CO,2001,statechecks,implemented,,,,,,,,,,,,,,,1649,1390,1552,1446,1531,2096,2688,2547,2154,2029,2059,1936,2217,2428,2542,2713,3142,3590,
CO,2001,statechecksh,implemented,,,,,,,,,,,,,,,1649,1390,1552,1446,1531,2096,2688,2547,2154,2029,2059,1936,2217,2428,2542,2713,3142,3590,
CO,2003,ccbackground,implemented,,,,,,,,,,,,,1649,1390,1552,1446,1531,2096,2688,2547,2154,2029,2059,1936,2217,2428,2542,2713,3142,3590,,,
CO,2003,ccbackgroundnics,implemented,,,,,,,,,,,,,1649,1390,1552,1446,1531,2096,2688,2547,2154,2029,2059,1936,2217,2428,2542,2713,3142,3590,,,
CO,2003,ccrenewbackground,implemented,,,,,,,,,,,,,1649,1390,1552,1446,1531,2096,2688,2547,2154,2029,2059,1936,2217,2428,2542,2713,3142,3590,,,
CO,2003,ccrevoke,implemented,,,,,,,,,,,,,1649,1390,1552,1446,1531,2096,2688,2547,2154,2029,2059,1936,2217,2428,2542,2713,3142,3590,,,
CO,2003,elementary,implemented,,,,,,,,,,,,,1649,1390,1552,1446,1531,2096,2688,2547,2154,2029,2059,1936,2217,2428,2542,2713,3142,3590,,,
CO,2003,mayissue,removal,,,,,,,,,,,,,1649,1390,1552,1446,1531,2096,2688,2547,2154,2029,2059,1936,2217,2428,2542,2713,3142,3590,,,
CO,2003,preemption,removal,,,,,,,,,,,,,1649,1390,1552,1446,1531,2096,2688,2547,2154,2029,2059,1936,2217,2428,2542,2713,3142,3590,,,
CO,2003,preemptionbroad,removal,,,,,,,,,,,,,1649,1390,1552,1446,1531,2096,2688,2547,2154,2029,2059,1936,2217,2428,2542,2713,3142,3590,,,
CO,2003,preemptionnarrow,removal,,,,,,,,,,,,,1649,1390,1552,1446,1531,2096,2688,2547,2154,2029,2059,1936,2217,2428,2542,2713,3142,3590,,,
CO,2013,backgroundpurge,implemented,,,1649,1390,1552,1446,1531,2096,2688,2547,2154,2029,2059,1936,2217,2428,2542,2713,3142,3590,,,,,,,,,,,,,
CO,2013,dvro,implemented,,,1649,1390,1552,1446,1531,2096,2688,2547,2154,2029,2059,1936,2217,2428,2542,2713,3142,3590,,,,,,,,,,,,,
CO,2013,dvrosurrender,implemented,,,1649,1390,1552,1446,1531,2096,2688,2547,2154,2029,2059,1936,2217,2428,2542,2713,3142,3590,,,,,,,,,,,,,
CO,2013,dvrosurrendernoconditions,implemented,,,1649,1390,1552,1446,1531,2096,2688,2547,2154,2029,2059,1936,2217,2428,2542,2713,3142,3590,,,,,,,,,,,,,
CO,2013,magazine,implemented,,,1649,1390,1552,1446,1531,2096,2688,2547,2154,2029,2059,1936,2217,2428,2542,2713,3142,3590,,,,,,,,,,,,,
CO,2013,mcdv,implemented,,,1649,1390,1552,1446,1531,2096,2688,2547,2154,2029,2059,1936,2217,2428,2542,2713,3142,3590,,,,,,,,,,,,,
CO,2013,mcdvsurrender,implemented,,,1649,1390,1552,1446,1531,2096,2688,2547,2154,2029,2059,1936,2217,2428,2542,2713,3142,3590,,,,,,,,,,,,,
CO,2013,mcdvsurrendernoconditions,implemented,,,1649,1390,1552,1446,1531,2096,2688,2547,2154,2029,2059,1936,2217,2428,2542,2713,3142,3590,,,,,,,,,,,,,
CO,2013,recordsallh,implemented,,,1649,1390,1552,1446,1531,2096,2688,2547,2154,2029,2059,1936,2217,2428,2542,2713,3142,3590,,,,,,,,,,,,,
CO,2013,universal,implemented,,,1649,1390,1552,1446,1531,2096,2688,2547,2154,2029,2059,1936,2217,2428,2542,2713,3142,3590,,,,,,,,,,,,,
CO,2013,universalh,implemented,,,1649,1390,1552,1446,1531,2096,2688,2547,2154,2029,2059,1936,2217,2428,2542,2713,3142,3590,,,,,,,,,,,,,
CO,2013,universalpermit,implemented,,,1649,1390,1552,1446,1531,2096,2688,2547,2154,2029,2059,1936,2217,2428,2542,2713,3142,3590,,,,,,,,,,,,,
CO,2013,universalpermith,implemented,,,1649,1390,1552,1446,1531,2096,2688,2547,2154,2029,2059,1936,2217,2428,2542,2713,3142,3590,,,,,,,,,,,,,
CT,2002,relinquishment,implemented,,,,,,,,,,,,,,534,610,661,413,373,416,492,467,467,548,772,792,697,711,631,617,484,746,,
CT,2004,danger,implemented,,,,,,,,,,,,534,610,661,413,373,416,492,467,467,548,772,792,697,711,631,617,484,746,,,,
CT,2005,invoutpatient,implemented,,,,,,,,,,,534,610,661,413,373,416,492,467,467,548,772,792,697,711,631,617,484,746,,,,,
CT,2007,loststolen,implemented,,,,,,,,,534,610,661,413,373,416,492,467,467,548,772,792,697,711,631,617,484,746,,,,,,,
CT,2013,age18longgunpossess,implemented,,,534,610,661,413,373,416,492,467,467,548,772,792,697,711,631,617,484,746,,,,,,,,,,,,,
CT,2013,age18longgunsale,implemented,,,534,610,661,413,373,416,492,467,467,548,772,792,697,711,631,617,484,746,,,,,,,,,,,,,
CT,2013,amm18,implemented,,,534,610,661,413,373,416,492,467,467,548,772,792,697,711,631,617,484,746,,,,,,,,,,,,,
CT,2013,amm21h,implemented,,,534,610,661,413,373,416,492,467,467,548,772,792,697,711,631,617,484,746,,,,,,,,,,,,,
CT,2013,ammbackground,implemented,,,534,610,661,413,373,416,492,467,467,548,772,792,697,711,631,617,484,746,,,,,,,,,,,,,
CT,2013,ammpermit,implemented,,,534,610,661,413,373,416,492,467,467,548,772,792,697,711,631,617,484,746,,,,,,,,,,,,,
CT,2013,ammrestrict,implemented,,,534,610,661,413,373,416,492,467,467,548,772,792,697,711,631,617,484,746,,,,,,,,,,,,,
CT,2013,magazine,implemented,,,534,610,661,413,373,416,492,467,467,548,772,792,697,711,631,617,484,746,,,,,,,,,,,,,
CT,2013,onefeature,implemented,,,534,610,661,413,373,416,492,467,467,548,772,792,697,711,631,617,484,746,,,,,,,,,,,,,
CT,2013,tenroundlimit,implemented,,,534,610,661,413,373,416,492,467,467,548,772,792,697,711,631,617,484,746,,,,,,,,,,,,,
CT,2013,violent,implemented,,,534,610,661,413,373,416,492,467,467,548,772,792,697,711,631,617,484,746,,,,,,,,,,,,,
CT,2014,permit,implemented,,534,610,661,413,373,416,492,467,467,548,772,792,697,711,631,617,484,746,,,,,,,,,,,,,,
CT,2016,exparte,implemented,610,661,413,373,416,492,467,467,548,772,792,697,711,631,617,484,746,,,,,,,,,,,,,,,,
CT,2016,expartedating,implemented,610,661,413,373,416,492,467,467,548,772,792,697,711,631,617,484,746,,,,,,,,,,,,,,,,
CT,2016,expartesurrender,implemented,610,661,413,373,416,492,467,467,548,772,792,697,711,631,617,484,746,,,,,,,,,,,,,,,,
CT,2016,expartesurrenderdating,implemented,610,661,413,373,416,492,467,467,548,772,792,697,711,631,617,484,746,,,,,,,,,,,,,,,,
CT,2016,expartesurrendernoconditions,implemented,610,661,413,373,416,492,467,467,548,772,792,697,711,631,617,484,746,,,,,,,,,,,,,,,,
DE,2002,ccbackground,implemented,,,,,,,,,,,,,,623,508,384,414,617,512,731,804,829,971,843,824,738,859,743,861,930,1054,,
DE,2003,stalking,removal,,,,,,,,,,,,,623,508,384,414,617,512,731,804,829,971,843,824,738,859,743,861,930,1054,,,
DE,2007,dvrodating,implemented,,,,,,,,,623,508,384,414,617,512,731,804,829,971,843,824,738,859,743,861,930,1054,,,,,,,
DE,2008,stalking,implemented,,,,,,,,623,508,384,414,617,512,731,804,829,971,843,824,738,859,743,861,930,1054,,,,,,,,
DE,2013,backgroundpurge,implemented,,,623,508,384,414,617,512,731,804,829,971,843,824,738,859,743,861,930,1054,,,,,,,,,,,,,
DE,2013,gunshow,implemented,,,623,508,384,414,617,512,731,804,829,971,843,824,738,859,743,861,930,1054,,,,,,,,,,,,,
DE,2013,gunshowh,implemented,,,623,508,384,414,617,512,731,804,829,971,843,824,738,859,743,861,930,1054,,,,,,,,,,,,,
DE,2013,loststolen,implemented,,,623,508,384,414,617,512,731,804,829,971,843,824,738,859,743,861,930,1054,,,,,,,,,,,,,
DE,2013,mentalhealth,implemented,,,623,508,384,414,617,512,731,804,829,971,843,824,738,859,743,861,930,1054,,,,,,,,,,,,,
DE,2013,recordsall,implemented,,,623,508,384,414,617,512,731,804,829,971,843,824,738,859,743,861,930,1054,,,,,,,,,,,,,
DE,2013,recordsallh,implemented,,,623,508,384,414,617,512,731,804,829,971,843,824,738,859,743,861,930,1054,,,,,,,,,,,,,
DE,2013,universal,implemented,,,623,508,384,414,617,512,731,804,829,971,843,824,738,859,743,861,930,1054,,,,,,,,,,,,,
DE,2013,universalh,implemented,,,623,508,384,414,617,512,731,804,829,971,843,824,738,859,743,861,930,1054,,,,,,,,,,,,,
DE,2013,universalpermit,implemented,,,623,508,384,414,617,512,731,804,829,971,843,824,738,859,743,861,930,1054,,,,,,,,,,,,,
DE,2013,universalpermith,implemented,,,623,508,384,414,617,512,731,804,829,971,843,824,738,859,743,861,930,1054,,,,,,,,,,,,,
DE,2014,invoutpatient,implemented,,623,508,384,414,617,512,731,804,829,971,843,824,738,859,743,861,930,1054,,,,,,,,,,,,,,
DE,2016,threedaylimit,implemented,508,384,414,617,512,731,804,829,971,843,824,738,859,743,861,930,1054,,,,,,,,,,,,,,,,
FL,2001,immunity,removal,,,,,,,,,,,,,,,13607,12416,12720,12959,12862,13539,15057,15882,17244,16697,15015,13295,13153,13486,13613,15087,17099,17506,
FL,2004,ammrestrict,implemented,,,,,,,,,,,,13607,12416,12720,12959,12862,13539,15057,15882,17244,16697,15015,13295,13153,13486,13613,15087,17099,17506,,,,
FL,2005,nosyg,removal,,,,,,,,,,,13607,12416,12720,12959,12862,13539,15057,15882,17244,16697,15015,13295,13153,13486,13613,15087,17099,17506,,,,,
GA,2006,ccbackgroundnics,implemented,,,,,,,,,,3665,4784,4432,4648,4808,3601,4358,4831,6042,5476,5186,5160,5517,5856,5719,6433,7003,8329,,,,,,
GA,2006,nosyg,removal,,,,,,,,,,3665,4784,4432,4648,4808,3601,4358,4831,6042,5476,5186,5160,5517,5856,5719,6433,7003,8329,,,,,,
GA,2014,college,removal,,3665,4784,4432,4648,4808,3601,4358,4831,6042,5476,5186,5160,5517,5856,5719,6433,7003,8329,,,,,,,,,,,,,,
GA,2014,collegeconcealed,removal,,3665,4784,4432,4648,4808,3601,4358,4831,6042,5476,5186,5160,5517,5856,5719,6433,7003,8329,,,,,,,,,,,,,,
GA,2014,dealerh,removal,,3665,4784,4432,4648,4808,3601,4358,4831,6042,5476,5186,5160,5517,5856,5719,6433,7003,8329,,,,,,,,,,,,,,
GA,2014,elementary,removal,,3665,4784,4432,4648,4808,3601,4358,4831,6042,5476,5186,5160,5517,5856,5719,6433,7003,8329,,,,,,,,,,,,,,
GA,2014,recordsdealerh,removal,,3665,4784,4432,4648,4808,3601,4358,4831,6042,5476,5186,5160,5517,5856,5719,6433,7003,8329,,,,,,,,,,,,,,
HI,2000,dvrodating,implemented,,,,,,,,,,,,,,,,134,123,174,156,186,175,154,188,114,182,156,170,163,0,0,1,117,180
HI,2000,dvrosurrenderdating,implemented,,,,,,,,,,,,,,,,134,123,174,156,186,175,154,188,114,182,156,170,163,0,0,1,117,180
HI,2000,expartedating,implemented,,,,,,,,,,,,,,,,134,123,174,156,186,175,154,188,114,182,156,170,163,0,0,1,117,180
HI,2000,expartesurrenderdating,implemented,,,,,,,,,,,,,,,,134,123,174,156,186,175,154,188,114,182,156,170,163,0,0,1,117,180
HI,2000,mcdvremovalallowed,implemented,,,,,,,,,,,,,,,,134,123,174,156,186,175,154,188,114,182,156,170,163,0,0,1,117,180
HI,2000,relinquishment,implemented,,,,,,,,,,,,,,,,134,123,174,156,186,175,154,188,114,182,156,170,163,0,0,1,117,180
HI,2006,backgroundpurge,implemented,,,,,,,,,,134,123,174,156,186,175,154,188,114,182,156,170,163,0,0,1,117,180,,,,,,
HI,2006,ccbackground,implemented,,,,,,,,,,134,123,174,156,186,175,154,188,114,182,156,170,163,0,0,1,117,180,,,,,,
HI,2006,ccbackgroundnics,implemented,,,,,,,,,,134,123,174,156,186,175,154,188,114,182,156,170,163,0,0,1,117,180,,,,,,
HI,2006,ccrenewbackground,implemented,,,,,,,,,,134,123,174,156,186,175,154,188,114,182,156,170,163,0,0,1,117,180,,,,,,
HI,2006,statechecks,implemented,,,,,,,,,,134,123,174,156,186,175,154,188,114,182,156,170,163,0,0,1,117,180,,,,,,
HI,2006,statechecksh,implemented,,,,,,,,,,134,123,174,156,186,175,154,188,114,182,156,170,163,0,0,1,117,180,,,,,,
HI,2006,threedaylimit,implemented,,,,,,,,,,134,123,174,156,186,175,154,188,114,182,156,170,163,0,0,1,117,180,,,,,,
HI,2012,incidentremoval,implemented,,,,134,123,174,156,186,175,154,188,114,182,156,170,163,0,0,1,117,180,,,,,,,,,,,,
HI,2016,stalking,implemented,123,174,156,186,175,154,188,114,182,156,170,163,0,0,1,117,180,,,,,,,,,,,,,,,,
IA,2010,dvro,implemented,,,,,,504,479,478,557,445,547,601,447,575,588,508,566,589,649,550,751,820,920,,,,,,,,,,
IA,2010,dvrosurrender,implemented,,,,,,504,479,478,557,445,547,601,447,575,588,508,566,589,649,550,751,820,920,,,,,,,,,,
IA,2010,mcdv,implemented,,,,,,504,479,478,557,445,547,601,447,575,588,508,566,589,649,550,751,820,920,,,,,,,,,,
IA,2010,mcdvsurrender,implemented,,,,,,504,479,478,557,445,547,601,447,575,588,508,566,589,649,550,751,820,920,,,,,,,,,,
IA,2011,ccbackgroundnics,implemented,,,,,504,479,478,557,445,547,601,447,575,588,508,566,589,649,550,751,820,920,,,,,,,,,,,
IA,2011,ccrevoke,implemented,,,,,504,479,478,557,445,547,601,447,575,588,508,566,589,649,550,751,820,920,,,,,,,,,,,
IA,2011,mayissue,removal,,,,,504,479,478,557,445,547,601,447,575,588,508,566,589,649,550,751,820,920,,,,,,,,,,,
ID,2000,elementary,implemented,,,,,,,,,,,,,,,,510,624,624,592,460,517,412,480,468,355,401,361,350,398,396,376,483,613
ID,2008,preemptionbroad,removal,,,,,,,,510,624,624,592,460,517,412,480,468,355,401,361,350,398,396,376,483,613,,,,,,,,
ID,2008,preemptionnarrow,removal,,,,,,,,510,624,624,592,460,517,412,480,468,355,401,361,350,398,396,376,483,613,,,,,,,,
ID,2015,ccbackgroundnics,implemented,510,624,624,592,460,517,412,480,468,355,401,361,350,398,396,376,483,613,,,,,,,,,,,,,,,
ID,2016,ccbackground,removal,624,624,592,460,517,412,480,468,355,401,361,350,398,396,376,483,613,,,,,,,,,,,,,,,,
ID,2016,ccbackgroundnics,removal,624,624,592,460,517,412,480,468,355,401,361,350,398,396,376,483,613,,,,,,,,,,,,,,,,
ID,2016,ccrevoke,removal,624,624,592,460,517,412,480,468,355,401,361,350,398,396,376,483,613,,,,,,,,,,,,,,,,
ID,2016,permitconcealed,removal,624,624,592,460,517,412,480,468,355,401,361,350,398,396,376,483,613,,,,,,,,,,,,,,,,
IL,2000,cap14,implemented,,,,,,,,,,,,,,,,567,479,532,653,528,639,498,539,595,760,624,805,677,728,766,552,974,955
IL,2000,capuses,implemented,,,,,,,,,,,,,,,,567,479,532,653,528,639,498,539,595,760,624,805,677,728,766,552,974,955
IL,2000,traffickingprohibited,implemented,,,,,,,,,,,,,,,,567,479,532,653,528,639,498,539,595,760,624,805,677,728,766,552,974,955
IL,2000,traffickingprohibitedh,implemented,,,,,,,,,,,,,,,,567,479,532,653,528,639,498,539,595,760,624,805,677,728,766,552,974,955
IL,2005,gunshow,implemented,,,,,,,,,,,567,479,532,653,528,639,498,539,595,760,624,805,677,728,766,552,974,955,,,,,
IL,2005,gunshowh,implemented,,,,,,,,,,,567,479,532,653,528,639,498,539,595,760,624,805,677,728,766,552,974,955,,,,,
IL,2006,lockd,implemented,,,,,,,,,,567,479,532,653,528,639,498,539,595,760,624,805,677,728,766,552,974,955,,,,,,
IL,2010,exparte,implemented,,,,,,567,479,532,653,528,639,498,539,595,760,624,805,677,728,766,552,974,955,,,,,,,,,,
IL,2010,expartedating,implemented,,,,,,567,479,532,653,528,639,498,539,595,760,624,805,677,728,766,552,974,955,,,,,,,,,,
IL,2010,expartesurrender,implemented,,,,,,567,479,532,653,528,639,498,539,595,760,624,805,677,728,766,552,974,955,,,,,,,,,,
IL,2010,expartesurrenderdating,implemented,,,,,,567,479,532,653,528,639,498,539,595,760,624,805,677,728,766,552,974,955,,,,,,,,,,
IL,2010,expartesurrendernoconditions,implemented,,,,,,567,479,532,653,528,639,498,539,595,760,624,805,677,728,766,552,974,955,,,,,,,,,,
IL,2013,invoutpatient,implemented,,,567,479,532,653,528,639,498,539,595,760,624,805,677,728,766,552,974,955,,,,,,,,,,,,,
IL,2013,loststolen,implemented,,,567,479,532,653,528,639,498,539,595,760,624,805,677,728,766,552,974,955,,,,,,,,,,,,,
IL,2013,mayissue,removal,,,567,479,532,653,528,639,498,539,595,760,624,805,677,728,766,552,974,955,,,,,,,,,,,,,
IL,2013,mcdvsurrender,implemented,,,567,479,532,653,528,639,498,539,595,760,624,805,677,728,766,552,974,955,,,,,,,,,,,,,
IL,2013,mcdvsurrenderdating,implemented,,,567,479,532,653,528,639,498,539,595,760,624,805,677,728,766,552,974,955,,,,,,,,,,,,,
IL,2013,opencarryh,removal,,,567,479,532,653,528,639,498,539,595,760,624,805,677,728,766,552,974,955,,,,,,,,,,,,,
IL,2013,preemption,removal,,,567,479,532,653,528,639,498,539,595,760,624,805,677,728,766,552,974,955,,,,,,,,,,,,,
IL,2013,preemptionnarrow,removal,,,567,479,532,653,528,639,498,539,595,760,624,805,677,728,766,552,974,955,,,,,,,,,,,,,
IL,2013,relinquishment,implemented,,,567,479,532,653,528,639,498,539,595,760,624,805,677,728,766,552,974,955,,,,,,,,,,,,,
IL,2013,showing,removal,,,567,479,532,653,528,639,498,539,595,760,624,805,677,728,766,552,974,955,,,,,,,,,,,,,
IN,2001,immunity,removal,,,,,,,,,,,,,,,1822,1484,1665,1599,1415,1511,1584,701,1719,1735,1723,514,1662,2103,2024,2438,2790,3233,
IN,2003,mcdv,implemented,,,,,,,,,,,,,1822,1484,1665,1599,1415,1511,1584,701,1719,1735,1723,514,1662,2103,2024,2438,2790,3233,,,
IN,2006,gvrolawenforcement,implemented,,,,,,,,,,1822,1484,1665,1599,1415,1511,1584,701,1719,1735,1723,514,1662,2103,2024,2438,2790,3233,,,,,,
IN,2006,nosyg,removal,,,,,,,,,,1822,1484,1665,1599,1415,1511,1584,701,1719,1735,1723,514,1662,2103,2024,2438,2790,3233,,,,,,
IN,2014,traffickingprohibitedh,implemented,,1822,1484,1665,1599,1415,1511,1584,701,1719,1735,1723,514,1662,2103,2024,2438,2790,3233,,,,,,,,,,,,,,
IN,2016,mcdvdating,implemented,1484,1665,1599,1415,1511,1584,701,1719,1735,1723,514,1662,2103,2024,2438,2790,3233,,,,,,,,,,,,,,,,
KS,2002,immunity,removal,,,,,,,,,,,,,,242,219,243,768,488,1420,461,2234,2624,1786,1820,2016,2016,2046,1971,2073,2352,2223,,
KS,2005,preemption,removal,,,,,,,,,,,242,219,243,768,488,1420,461,2234,2624,1786,1820,2016,2016,2046,1971,2073,2352,2223,,,,,
KS,2005,preemptionbroad,removal,,,,,,,,,,,242,219,243,768,488,1420,461,2234,2624,1786,1820,2016,2016,2046,1971,2073,2352,2223,,,,,
KS,2005,preemptionnarrow,removal,,,,,,,,,,,242,219,243,768,488,1420,461,2234,2624,1786,1820,2016,2016,2046,1971,2073,2352,2223,,,,,
KS,2006,alctreatment,implemented,,,,,,,,,,242,219,243,768,488,1420,461,2234,2624,1786,1820,2016,2016,2046,1971,2073,2352,2223,,,,,,
KS,2006,nosyg,removal,,,,,,,,,,242,219,243,768,488,1420,461,2234,2624,1786,1820,2016,2016,2046,1971,2073,2352,2223,,,,,,
KS,2007,ccbackgroundnics,removal,,,,,,,,,242,219,243,768,488,1420,461,2234,2624,1786,1820,2016,2016,2046,1971,2073,2352,2223,,,,,,,
KS,2007,ccrenewbackground,removal,,,,,,,,,242,219,243,768,488,1420,461,2234,2624,1786,1820,2016,2016,2046,1971,2073,2352,2223,,,,,,,
KS,2007,mayissue,removal,,,,,,,,,242,219,243,768,488,1420,461,2234,2624,1786,1820,2016,2016,2046,1971,2073,2352,2223,,,,,,,
KS,2007,showing,removal,,,,,,,,,242,219,243,768,488,1420,461,2234,2624,1786,1820,2016,2016,2046,1971,2073,2352,2223,,,,,,,
KS,2008,stalking,removal,,,,,,,,242,219,243,768,488,1420,461,2234,2624,1786,1820,2016,2016,2046,1971,2073,2352,2223,,,,,,,,
KS,2010,ccrenewbackground,implemented,,,,,,242,219,243,768,488,1420,461,2234,2624,1786,1820,2016,2016,2046,1971,2073,2352,2223,,,,,,,,,,
KS,2010,danger,implemented,,,,,,242,219,243,768,488,1420,461,2234,2624,1786,1820,2016,2016,2046,1971,2073,2352,2223,,,,,,,,,,
KS,2010,elementary,removal,,,,,,242,219,243,768,488,1420,461,2234,2624,1786,1820,2016,2016,2046,1971,2073,2352,2223,,,,,,,,,,
KS,2010,invcommitment,implemented,,,,,,242,219,243,768,488,1420,461,2234,2624,1786,1820,2016,2016,2046,1971,2073,2352,2223,,,,,,,,,,
KS,2015,ccbackground,removal,242,219,243,768,488,1420,461,2234,2624,1786,1820,2016,2016,2046,1971,2073,2352,2223,,,,,,,,,,,,,,,
KS,2015,ccrenewbackground,removal,242,219,243,768,488,1420,461,2234,2624,1786,1820,2016,2016,2046,1971,2073,2352,2223,,,,,,,,,,,,,,,
KS,2015,ccrevoke,removal,242,219,243,768,488,1420,461,2234,2624,1786,1820,2016,2016,2046,1971,2073,2352,2223,,,,,,,,,,,,,,,
KS,2015,permitconcealed,removal,242,219,243,768,488,1420,461,2234,2624,1786,1820,2016,2016,2046,1971,2073,2352,2223,,,,,,,,,,,,,,,
KY,2006,ccbackgroundnics,implemented,,,,,,,,,,818,592,524,605,491,580,1063,1070,1152,1224,1017,1060,1067,1021,912,1063,1289,1714,,,,,,
KY,2006,ccrenewbackground,implemented,,,,,,,,,,818,592,524,605,491,580,1063,1070,1152,1224,1017,1060,1067,1021,912,1063,1289,1714,,,,,,
KY,2006,nosyg,removal,,,,,,,,,,818,592,524,605,491,580,1063,1070,1152,1224,1017,1060,1067,1021,912,1063,1289,1714,,,,,,
LO,2006,nosyg,removal,,,,,,,,,,4679,4250,5104,4879,4704,4445,3460,4797,4760,4335,4308,3501,3938,2737,3847,3864,4556,5284,,,,,,
LO,2014,ccbackgroundnics,implemented,,4679,4250,5104,4879,4704,4445,3460,4797,4760,4335,4308,3501,3938,2737,3847,3864,4556,5284,,,,,,,,,,,,,,
LO,2014,dvro,implemented,,4679,4250,5104,4879,4704,4445,3460,4797,4760,4335,4308,3501,3938,2737,3847,3864,4556,5284,,,,,,,,,,,,,,
LO,2014,dvrodating,implemented,,4679,4250,5104,4879,4704,4445,3460,4797,4760,4335,4308,3501,3938,2737,3847,3864,4556,5284,,,,,,,,,,,,,,
LO,2014,mcdv,implemented,,4679,4250,5104,4879,4704,4445,3460,4797,4760,4335,4308,3501,3938,2737,3847,3864,4556,5284,,,,,,,,,,,,,,
MD,2000,lockd,implemented,,,,,,,,,,,,,,,,1207,3330,2236,1228,2381,2278,2540,2438,2216,2023,1838,1761,2382,2135,1691,1715,2164,2474
MD,2000,microstamp,implemented,,,,,,,,,,,,,,,,1207,3330,2236,1228,2381,2278,2540,2438,2216,2023,1838,1761,2382,2135,1691,1715,2164,2474
MD,2000,personalized,implemented,,,,,,,,,,,,,,,,1207,3330,2236,1228,2381,2278,2540,2438,2216,2023,1838,1761,2382,2135,1691,1715,2164,2474
MD,2002,training,implemented,,,,,,,,,,,,,,1207,3330,2236,1228,2381,2278,2540,2438,2216,2023,1838,1761,2382,2135,1691,1715,2164,2474,,
MD,2003,defactoregh,implemented,,,,,,,,,,,,,1207,3330,2236,1228,2381,2278,2540,2438,2216,2023,1838,1761,2382,2135,1691,1715,2164,2474,,,
MD,2003,strawpurchaseh,implemented,,,,,,,,,,,,,1207,3330,2236,1228,2381,2278,2540,2438,2216,2023,1838,1761,2382,2135,1691,1715,2164,2474,,,
MD,2009,dvrosurrender,implemented,,,,,,,1207,3330,2236,1228,2381,2278,2540,2438,2216,2023,1838,1761,2382,2135,1691,1715,2164,2474,,,,,,,,,
MD,2009,dvrosurrendernoconditions,implemented,,,,,,,1207,3330,2236,1228,2381,2278,2540,2438,2216,2023,1838,1761,2382,2135,1691,1715,2164,2474,,,,,,,,,
MD,2011,violent,implemented,,,,,1207,3330,2236,1228,2381,2278,2540,2438,2216,2023,1838,1761,2382,2135,1691,1715,2164,2474,,,,,,,,,,,
MD,2013,ammrestrict,implemented,,,1207,3330,2236,1228,2381,2278,2540,2438,2216,2023,1838,1761,2382,2135,1691,1715,2164,2474,,,,,,,,,,,,,
MD,2013,assault,implemented,,,1207,3330,2236,1228,2381,2278,2540,2438,2216,2023,1838,1761,2382,2135,1691,1715,2164,2474,,,,,,,,,,,,,
MD,2013,assaultlist,implemented,,,1207,3330,2236,1228,2381,2278,2540,2438,2216,2023,1838,1761,2382,2135,1691,1715,2164,2474,,,,,,,,,,,,,
MD,2013,assaulttransfer,implemented,,,1207,3330,2236,1228,2381,2278,2540,2438,2216,2023,1838,1761,2382,2135,1691,1715,2164,2474,,,,,,,,,,,,,
MD,2013,fingerprint,implemented,,,1207,3330,2236,1228,2381,2278,2540,2438,2216,2023,1838,1761,2382,2135,1691,1715,2164,2474,,,,,,,,,,,,,
MD,2013,tenroundlimit,implemented,,,1207,3330,2236,1228,2381,2278,2540,2438,2216,2023,1838,1761,2382,2135,1691,1715,2164,2474,,,,,,,,,,,,,
MD,2015,dvrodating,implemented,1207,3330,2236,1228,2381,2278,2540,2438,2216,2023,1838,1761,2382,2135,1691,1715,2164,2474,,,,,,,,,,,,,,,
MD,2015,dvrosurrenderdating,implemented,1207,3330,2236,1228,2381,2278,2540,2438,2216,2023,1838,1761,2382,2135,1691,1715,2164,2474,,,,,,,,,,,,,,,
MD,2015,microstamp,removal,1207,3330,2236,1228,2381,2278,2540,2438,2216,2023,1838,1761,2382,2135,1691,1715,2164,2474,,,,,,,,,,,,,,,
ME,2008,danger,implemented,,,,,,,,22,29,22,17,30,35,32,46,44,59,32,48,60,73,39,58,53,74,,,,,,,,
ME,2008,invcommitment,implemented,,,,,,,,22,29,22,17,30,35,32,46,44,59,32,48,60,73,39,58,53,74,,,,,,,,
ME,2015,ccrevoke,removal,22,29,22,17,30,35,32,46,44,59,32,48,60,73,39,58,53,74,,,,,,,,,,,,,,,
ME,2015,mcdv,implemented,22,29,22,17,30,35,32,46,44,59,32,48,60,73,39,58,53,74,,,,,,,,,,,,,,,
ME,2015,mcdvdating,implemented,22,29,22,17,30,35,32,46,44,59,32,48,60,73,39,58,53,74,,,,,,,,,,,,,,,
ME,2015,permitconcealed,removal,22,29,22,17,30,35,32,46,44,59,32,48,60,73,39,58,53,74,,,,,,,,,,,,,,,
MI,2000,immunity,removal,,,,,,,,,,,,,,,,7938,7547,6343,7048,7219,7099,8839,9181,8627,7918,8251,8231,7679,8407,7658,7435,6695,8401
MI,2000,lockd,implemented,,,,,,,,,,,,,,,,7938,7547,6343,7048,7219,7099,8839,9181,8627,7918,8251,8231,7679,8407,7658,7435,6695,8401
MI,2001,ccbackgroundnics,removal,,,,,,,,,,,,,,,7938,7547,6343,7048,7219,7099,8839,9181,8627,7918,8251,8231,7679,8407,7658,7435,6695,8401,
MI,2001,elementary,implemented,,,,,,,,,,,,,,,7938,7547,6343,7048,7219,7099,8839,9181,8627,7918,8251,8231,7679,8407,7658,7435,6695,8401,
MI,2001,mayissue,removal,,,,,,,,,,,,,,,7938,7547,6343,7048,7219,7099,8839,9181,8627,7918,8251,8231,7679,8407,7658,7435,6695,8401,
MI,2001,showing,removal,,,,,,,,,,,,,,,7938,7547,6343,7048,7219,7099,8839,9181,8627,7918,8251,8231,7679,8407,7658,7435,6695,8401,
MI,2006,nosyg,removal,,,,,,,,,,7938,7547,6343,7048,7219,7099,8839,9181,8627,7918,8251,8231,7679,8407,7658,7435,6695,8401,,,,,,
MI,2012,permith,removal,,,,7938,7547,6343,7048,7219,7099,8839,9181,8627,7918,8251,8231,7679,8407,7658,7435,6695,8401,,,,,,,,,,,,
MI,2012,permitlaw,removal,,,,7938,7547,6343,7048,7219,7099,8839,9181,8627,7918,8251,8231,7679,8407,7658,7435,6695,8401,,,,,,,,,,,,
MI,2012,training,removal,,,,7938,7547,6343,7048,7219,7099,8839,9181,8627,7918,8251,8231,7679,8407,7658,7435,6695,8401,,,,,,,,,,,,
MI,2015,ccbackgroundnics,implemented,7938,7547,6343,7048,7219,7099,8839,9181,8627,7918,8251,8231,7679,8407,7658,7435,6695,8401,,,,,,,,,,,,,,,
MN,2003,ccbackgroundnics,implemented,,,,,,,,,,,,,457,1225,418,418,376,442,518,1452,1369,1226,1175,1058,1177,1161,1257,1208,1444,1635,,,
MN,2003,mayissue,removal,,,,,,,,,,,,,457,1225,418,418,376,442,518,1452,1369,1226,1175,1058,1177,1161,1257,1208,1444,1635,,,
MN,2003,showing,removal,,,,,,,,,,,,,457,1225,418,418,376,442,518,1452,1369,1226,1175,1058,1177,1161,1257,1208,1444,1635,,,
MN,2014,dvro,implemented,,457,1225,418,418,376,442,518,1452,1369,1226,1175,1058,1177,1161,1257,1208,1444,1635,,,,,,,,,,,,,,
MN,2014,dvrodating,implemented,,457,1225,418,418,376,442,518,1452,1369,1226,1175,1058,1177,1161,1257,1208,1444,1635,,,,,,,,,,,,,,
MN,2014,dvroremoval,implemented,,457,1225,418,418,376,442,518,1452,1369,1226,1175,1058,1177,1161,1257,1208,1444,1635,,,,,,,,,,,,,,
MN,2014,dvrosurrender,implemented,,457,1225,418,418,376,442,518,1452,1369,1226,1175,1058,1177,1161,1257,1208,1444,1635,,,,,,,,,,,,,,
MN,2014,dvrosurrenderdating,implemented,,457,1225,418,418,376,442,518,1452,1369,1226,1175,1058,1177,1161,1257,1208,1444,1635,,,,,,,,,,,,,,
MN,2014,dvrosurrendernoconditions,implemented,,457,1225,418,418,376,442,518,1452,1369,1226,1175,1058,1177,1161,1257,1208,1444,1635,,,,,,,,,,,,,,
MN,2014,mcdvremovalallowed,implemented,,457,1225,418,418,376,442,518,1452,1369,1226,1175,1058,1177,1161,1257,1208,1444,1635,,,,,,,,,,,,,,
MN,2014,mcdvremovalrequired,implemented,,457,1225,418,418,376,442,518,1452,1369,1226,1175,1058,1177,1161,1257,1208,1444,1635,,,,,,,,,,,,,,
MN,2015,traffickingprohibited,implemented,457,1225,418,418,376,442,518,1452,1369,1226,1175,1058,1177,1161,1257,1208,1444,1635,,,,,,,,,,,,,,,
MN,2015,traffickingprohibitedh,implemented,457,1225,418,418,376,442,518,1452,1369,1226,1175,1058,1177,1161,1257,1208,1444,1635,,,,,,,,,,,,,,,
MO,2003,ccbackground,removal,,,,,,,,,,,,,4343,4046,4082,3954,3829,4299,5153,5517,3660,5904,5789,5368,5290,5346,5185,5472,6815,7914,,,
MO,2003,ccbackgroundnics,removal,,,,,,,,,,,,,4343,4046,4082,3954,3829,4299,5153,5517,3660,5904,5789,5368,5290,5346,5185,5472,6815,7914,,,
MO,2003,immunity,removal,,,,,,,,,,,,,4343,4046,4082,3954,3829,4299,5153,5517,3660,5904,5789,5368,5290,5346,5185,5472,6815,7914,,,
MO,2003,mayissue,removal,,,,,,,,,,,,,4343,4046,4082,3954,3829,4299,5153,5517,3660,5904,5789,5368,5290,5346,5185,5472,6815,7914,,,
MO,2003,showing,removal,,,,,,,,,,,,,4343,4046,4082,3954,3829,4299,5153,5517,3660,5904,5789,5368,5290,5346,5185,5472,6815,7914,,,
MO,2007,age21handgunsale,removal,,,,,,,,,4343,4046,4082,3954,3829,4299,5153,5517,3660,5904,5789,5368,5290,5346,5185,5472,6815,7914,,,,,,,
MO,2007,backgroundpurge,removal,,,,,,,,,4343,4046,4082,3954,3829,4299,5153,5517,3660,5904,5789,5368,5290,5346,5185,5472,6815,7914,,,,,,,
MO,2007,permith,removal,,,,,,,,,4343,4046,4082,3954,3829,4299,5153,5517,3660,5904,5789,5368,5290,5346,5185,5472,6815,7914,,,,,,,
MO,2007,permitlaw,removal,,,,,,,,,4343,4046,4082,3954,3829,4299,5153,5517,3660,5904,5789,5368,5290,5346,5185,5472,6815,7914,,,,,,,
MO,2007,threedaylimit,removal,,,,,,,,,4343,4046,4082,3954,3829,4299,5153,5517,3660,5904,5789,5368,5290,5346,5185,5472,6815,7914,,,,,,,
MO,2007,universalpermith,removal,,,,,,,,,4343,4046,4082,3954,3829,4299,5153,5517,3660,5904,5789,5368,5290,5346,5185,5472,6815,7914,,,,,,,
MO,2008,ccbackground,implemented,,,,,,,,4343,4046,4082,3954,3829,4299,5153,5517,3660,5904,5789,5368,5290,5346,5185,5472,6815,7914,,,,,,,,
MO,2008,felony,implemented,,,,,,,,4343,4046,4082,3954,3829,4299,5153,5517,3660,5904,5789,5368,5290,5346,5185,5472,6815,7914,,,,,,,,
MO,2014,ccbackgroundnics,implemented,,4343,4046,4082,3954,3829,4299,5153,5517,3660,5904,5789,5368,5290,5346,5185,5472,6815,7914,,,,,,,,,,,,,,
MO,2014,elementary,removal,,4343,4046,4082,3954,3829,4299,5153,5517,3660,5904,5789,5368,5290,5346,5185,5472,6815,7914,,,,,,,,,,,,,,
MO,2016,nosyg,removal,4046,4082,3954,3829,4299,5153,5517,3660,5904,5789,5368,5290,5346,5185,5472,6815,7914,,,,,,,,,,,,,,,,
MS,2003,immunity,removal,,,,,,,,,,,,,963,557,816,814,689,867,779,910,792,860,822,888,956,764,771,785,767,902,,,
MS,2006,nosyg,removal,,,,,,,,,,963,557,816,814,689,867,779,910,792,860,822,888,956,764,771,785,767,902,,,,,,
MS,2011,collegeconcealed,removal,,,,,963,557,816,814,689,867,779,910,792,860,822,888,956,764,771,785,767,902,,,,,,,,,,,
MS,2011,elementary,removal,,,,,963,557,816,814,689,867,779,910,792,860,822,888,956,764,771,785,767,902,,,,,,,,,,,
MS,2013,opencarrypermith,removal,,,963,557,816,814,689,867,779,910,792,860,822,888,956,764,771,785,767,902,,,,,,,,,,,,,
MS,2015,ccbackground,removal,963,557,816,814,689,867,779,910,792,860,822,888,956,764,771,785,767,902,,,,,,,,,,,,,,,
MS,2015,ccrevoke,removal,963,557,816,814,689,867,779,910,792,860,822,888,956,764,771,785,767,902,,,,,,,,,,,,,,,
MS,2015,permitconcealed,removal,963,557,816,814,689,867,779,910,792,860,822,888,956,764,771,785,767,902,,,,,,,,,,,,,,,
MT,2009,nosyg,removal,,,,,,,93,85,230,230,300,179,270,215,299,264,297,278,269,280,240,322,425,477,,,,,,,,,
NC,2002,immunity,removal,,,,,,,,,,,,,,6340,5966,6023,5861,5586,4204,6628,6804,6060,6658,6110,5677,5843,7186,6127,7220,7582,6878,,
NC,2003,dvro,implemented,,,,,,,,,,,,,6340,5966,6023,5861,5586,4204,6628,6804,6060,6658,6110,5677,5843,7186,6127,7220,7582,6878,,,
NC,2003,dvrodating,implemented,,,,,,,,,,,,,6340,5966,6023,5861,5586,4204,6628,6804,6060,6658,6110,5677,5843,7186,6127,7220,7582,6878,,,
NC,2003,dvrosurrender,implemented,,,,,,,,,,,,,6340,5966,6023,5861,5586,4204,6628,6804,6060,6658,6110,5677,5843,7186,6127,7220,7582,6878,,,
NC,2003,dvrosurrenderdating,implemented,,,,,,,,,,,,,6340,5966,6023,5861,5586,4204,6628,6804,6060,6658,6110,5677,5843,7186,6127,7220,7582,6878,,,
NC,2003,dvrosurrendernoconditions,implemented,,,,,,,,,,,,,6340,5966,6023,5861,5586,4204,6628,6804,6060,6658,6110,5677,5843,7186,6127,7220,7582,6878,,,
NC,2003,exparte,implemented,,,,,,,,,,,,,6340,5966,6023,5861,5586,4204,6628,6804,6060,6658,6110,5677,5843,7186,6127,7220,7582,6878,,,
NC,2003,expartedating,implemented,,,,,,,,,,,,,6340,5966,6023,5861,5586,4204,6628,6804,6060,6658,6110,5677,5843,7186,6127,7220,7582,6878,,,
NC,2003,expartesurrender,implemented,,,,,,,,,,,,,6340,5966,6023,5861,5586,4204,6628,6804,6060,6658,6110,5677,5843,7186,6127,7220,7582,6878,,,
NC,2003,expartesurrenderdating,implemented,,,,,,,,,,,,,6340,5966,6023,5861,5586,4204,6628,6804,6060,6658,6110,5677,5843,7186,6127,7220,7582,6878,,,
NC,2003,expartesurrendernoconditions,implemented,,,,,,,,,,,,,6340,5966,6023,5861,5586,4204,6628,6804,6060,6658,6110,5677,5843,7186,6127,7220,7582,6878,,,
NC,2006,ccbackgroundnics,implemented,,,,,,,,,,6340,5966,6023,5861,5586,4204,6628,6804,6060,6658,6110,5677,5843,7186,6127,7220,7582,6878,,,,,,
NC,2011,nosyg,removal,,,,,6340,5966,6023,5861,5586,4204,6628,6804,6060,6658,6110,5677,5843,7186,6127,7220,7582,6878,,,,,,,,,,,
NC,2013,ccrevoke,implemented,,,6340,5966,6023,5861,5586,4204,6628,6804,6060,6658,6110,5677,5843,7186,6127,7220,7582,6878,,,,,,,,,,,,,
ND,2001,immunity,removal,,,,,,,,,,,,,,,6,4,12,8,9,11,18,13,14,15,12,21,31,20,30,46,49,60,
ND,2011,alctreatment,implemented,,,,,6,4,12,8,9,11,18,13,14,15,12,21,31,20,30,46,49,60,,,,,,,,,,,
ND,2013,ccbackgroundnics,implemented,,,6,4,12,8,9,11,18,13,14,15,12,21,31,20,30,46,49,60,,,,,,,,,,,,,
NE,2004,incidentremoval,implemented,,,,,,,,,,,,822,734,541,507,471,503,451,455,494,499,490,531,568,632,635,550,659,763,,,,
NE,2007,mayissue,removal,,,,,,,,,822,734,541,507,471,503,451,455,494,499,490,531,568,632,635,550,659,763,,,,,,,
NE,2007,showing,removal,,,,,,,,,822,734,541,507,471,503,451,455,494,499,490,531,568,632,635,550,659,763,,,,,,,
NE,2009,mcdv,implemented,,,,,,,822,734,541,507,471,503,451,455,494,499,490,531,568,632,635,550,659,763,,,,,,,,,
NE,2009,mcdvdating,implemented,,,,,,,822,734,541,507,471,503,451,455,494,499,490,531,568,632,635,550,659,763,,,,,,,,,
NE,2009,preemption,removal,,,,,,,822,734,541,507,471,503,451,455,494,499,490,531,568,632,635,550,659,763,,,,,,,,,
NH,2000,cap14,implemented,,,,,,,,,,,,,,,,20,87,77,87,87,106,112,140,130,167,191,202,171,177,217,227,267,302
NH,2000,cap16,implemented,,,,,,,,,,,,,,,,20,87,77,87,87,106,112,140,130,167,191,202,171,177,217,227,267,302
NH,2000,capuses,implemented,,,,,,,,,,,,,,,,20,87,77,87,87,106,112,140,130,167,191,202,171,177,217,227,267,302
NH,2000,dvro,implemented,,,,,,,,,,,,,,,,20,87,77,87,87,106,112,140,130,167,191,202,171,177,217,227,267,302
NH,2000,dvrodating,implemented,,,,,,,,,,,,,,,,20,87,77,87,87,106,112,140,130,167,191,202,171,177,217,227,267,302
NH,2000,dvrosurrender,implemented,,,,,,,,,,,,,,,,20,87,77,87,87,106,112,140,130,167,191,202,171,177,217,227,267,302
NH,2000,dvrosurrenderdating,implemented,,,,,,,,,,,,,,,,20,87,77,87,87,106,112,140,130,167,191,202,171,177,217,227,267,302
NH,2000,dvrosurrendernoconditions,implemented,,,,,,,,,,,,,,,,20,87,77,87,87,106,112,140,130,167,191,202,171,177,217,227,267,302
NH,2003,preemption,removal,,,,,,,,,,,,,20,87,77,87,87,106,112,140,130,167,191,202,171,177,217,227,267,302,,,
NH,2003,preemptionbroad,removal,,,,,,,,,,,,,20,87,77,87,87,106,112,140,130,167,191,202,171,177,217,227,267,302,,,
NH,2003,preemptionnarrow,removal,,,,,,,,,,,,,20,87,77,87,87,106,112,140,130,167,191,202,171,177,217,227,267,302,,,
NH,2004,immunity,removal,,,,,,,,,,,,20,87,77,87,87,106,112,140,130,167,191,202,171,177,217,227,267,302,,,,
NH,2011,nosyg,removal,,,,,20,87,77,87,87,106,112,140,130,167,191,202,171,177,217,227,267,302,,,,,,,,,,,
NJ,2000,lockd,implemented,,,,,,,,,,,,,,,,2257,2422,2442,2372,2527,2374,2449,2609,2235,2063,1969,2101,2360,2329,2265,2080,1648,2196
NJ,2000,lockp,implemented,,,,,,,,,,,,,,,,2257,2422,2442,2372,2527,2374,2449,2609,2235,2063,1969,2101,2360,2329,2265,2080,1648,2196
NJ,2001,age21handgunpossess,implemented,,,,,,,,,,,,,,,2257,2422,2442,2372,2527,2374,2449,2609,2235,2063,1969,2101,2360,2329,2265,2080,1648,2196,
NJ,2001,age21handgunsale,implemented,,,,,,,,,,,,,,,2257,2422,2442,2372,2527,2374,2449,2609,2235,2063,1969,2101,2360,2329,2265,2080,1648,2196,
NJ,2002,personalized,implemented,,,,,,,,,,,,,,2257,2422,2442,2372,2527,2374,2449,2609,2235,2063,1969,2101,2360,2329,2265,2080,1648,2196,,
NJ,2004,dvro,implemented,,,,,,,,,,,,2257,2422,2442,2372,2527,2374,2449,2609,2235,2063,1969,2101,2360,2329,2265,2080,1648,2196,,,,
NJ,2004,dvrodating,implemented,,,,,,,,,,,,2257,2422,2442,2372,2527,2374,2449,2609,2235,2063,1969,2101,2360,2329,2265,2080,1648,2196,,,,
NJ,2004,incidentall,implemented,,,,,,,,,,,,2257,2422,2442,2372,2527,2374,2449,2609,2235,2063,1969,2101,2360,2329,2265,2080,1648,2196,,,,
NJ,2004,incidentremoval,implemented,,,,,,,,,,,,2257,2422,2442,2372,2527,2374,2449,2609,2235,2063,1969,2101,2360,2329,2265,2080,1648,2196,,,,
NJ,2004,mcdv,implemented,,,,,,,,,,,,2257,2422,2442,2372,2527,2374,2449,2609,2235,2063,1969,2101,2360,2329,2265,2080,1648,2196,,,,
NJ,2004,mcdvdating,implemented,,,,,,,,,,,,2257,2422,2442,2372,2527,2374,2449,2609,2235,2063,1969,2101,2360,2329,2265,2080,1648,2196,,,,
NJ,2008,amm21h,implemented,,,,,,,,2257,2422,2442,2372,2527,2374,2449,2609,2235,2063,1969,2101,2360,2329,2265,2080,1648,2196,,,,,,,,
NJ,2008,ammrestrict,implemented,,,,,,,,2257,2422,2442,2372,2527,2374,2449,2609,2235,2063,1969,2101,2360,2329,2265,2080,1648,2196,,,,,,,,
NJ,2008,loststolen,implemented,,,,,,,,2257,2422,2442,2372,2527,2374,2449,2609,2235,2063,1969,2101,2360,2329,2265,2080,1648,2196,,,,,,,,
NJ,2010,onepermonth,implemented,,,,,,2257,2422,2442,2372,2527,2374,2449,2609,2235,2063,1969,2101,2360,2329,2265,2080,1648,2196,,,,,,,,,,
NM,2001,ccbackground,removal,,,,,,,,,,,,,,,1803,1725,1645,1783,1434,1683,1639,1604,1531,1742,1596,1669,1755,1582,1361,1861,1996,2092,
NM,2001,ccbackgroundnics,removal,,,,,,,,,,,,,,,1803,1725,1645,1783,1434,1683,1639,1604,1531,1742,1596,1669,1755,1582,1361,1861,1996,2092,
NM,2001,ccrenewbackground,removal,,,,,,,,,,,,,,,1803,1725,1645,1783,1434,1683,1639,1604,1531,1742,1596,1669,1755,1582,1361,1861,1996,2092,
NM,2001,ccrevoke,removal,,,,,,,,,,,,,,,1803,1725,1645,1783,1434,1683,1639,1604,1531,1742,1596,1669,1755,1582,1361,1861,1996,2092,
NM,2001,mayissue,removal,,,,,,,,,,,,,,,1803,1725,1645,1783,1434,1683,1639,1604,1531,1742,1596,1669,1755,1582,1361,1861,1996,2092,
NM,2001,showing,removal,,,,,,,,,,,,,,,1803,1725,1645,1783,1434,1683,1639,1604,1531,1742,1596,1669,1755,1582,1361,1861,1996,2092,
NM,2003,college,implemented,,,,,,,,,,,,,1803,1725,1645,1783,1434,1683,1639,1604,1531,1742,1596,1669,1755,1582,1361,1861,1996,2092,,,
NM,2003,collegeconcealed,implemented,,,,,,,,,,,,,1803,1725,1645,1783,1434,1683,1639,1604,1531,1742,1596,1669,1755,1582,1361,1861,1996,2092,,,
NM,2004,ccbackground,implemented,,,,,,,,,,,,1803,1725,1645,1783,1434,1683,1639,1604,1531,1742,1596,1669,1755,1582,1361,1861,1996,2092,,,,
NM,2004,ccrenewbackground,implemented,,,,,,,,,,,,1803,1725,1645,1783,1434,1683,1639,1604,1531,1742,1596,1669,1755,1582,1361,1861,1996,2092,,,,
NM,2004,ccrevoke,implemented,,,,,,,,,,,,1803,1725,1645,1783,1434,1683,1639,1604,1531,1742,1596,1669,1755,1582,1361,1861,1996,2092,,,,
NV,2003,ammrestrict,implemented,,,,,,,,,,,,,756,757,835,1096,1586,1652,1763,2089,2233,1936,1707,1554,1301,1600,1666,1714,2090,2445,,,
NV,2003,invcommitment,implemented,,,,,,,,,,,,,756,757,835,1096,1586,1652,1763,2089,2233,1936,1707,1554,1301,1600,1666,1714,2090,2445,,,
NV,2003,invoutpatient,implemented,,,,,,,,,,,,,756,757,835,1096,1586,1652,1763,2089,2233,1936,1707,1554,1301,1600,1666,1714,2090,2445,,,
NV,2011,ccbackgroundnics,implemented,,,,,756,757,835,1096,1586,1652,1763,2089,2233,1936,1707,1554,1301,1600,1666,1714,2090,2445,,,,,,,,,,,
NV,2011,ccrenewbackground,implemented,,,,,756,757,835,1096,1586,1652,1763,2089,2233,1936,1707,1554,1301,1600,1666,1714,2090,2445,,,,,,,,,,,
NV,2011,nosyg,removal,,,,,756,757,835,1096,1586,1652,1763,2089,2233,1936,1707,1554,1301,1600,1666,1714,2090,2445,,,,,,,,,,,
NV,2015,danger,implemented,756,757,835,1096,1586,1652,1763,2089,2233,1936,1707,1554,1301,1600,1666,1714,2090,2445,,,,,,,,,,,,,,,
NV,2015,drugmisdemeanor,implemented,756,757,835,1096,1586,1652,1763,2089,2233,1936,1707,1554,1301,1600,1666,1714,2090,2445,,,,,,,,,,,,,,,
NV,2015,dvro,implemented,756,757,835,1096,1586,1652,1763,2089,2233,1936,1707,1554,1301,1600,1666,1714,2090,2445,,,,,,,,,,,,,,,
NV,2015,mcdv,implemented,756,757,835,1096,1586,1652,1763,2089,2233,1936,1707,1554,1301,1600,1666,1714,2090,2445,,,,,,,,,,,,,,,
NY,2000,age21handgunpossess,implemented,,,,,,,,,,,,,,,,974,1364,1276,1057,1696,1691,2099,2521,2328,2190,2276,2311,2168,2257,5328,5494,5138,4943
NY,2000,age21handgunsale,implemented,,,,,,,,,,,,,,,,974,1364,1276,1057,1696,1691,2099,2521,2328,2190,2276,2311,2168,2257,5328,5494,5138,4943
NY,2000,amm21h,implemented,,,,,,,,,,,,,,,,974,1364,1276,1057,1696,1691,2099,2521,2328,2190,2276,2311,2168,2257,5328,5494,5138,4943
NY,2000,assault,implemented,,,,,,,,,,,,,,,,974,1364,1276,1057,1696,1691,2099,2521,2328,2190,2276,2311,2168,2257,5328,5494,5138,4943
NY,2000,assaultlist,implemented,,,,,,,,,,,,,,,,974,1364,1276,1057,1696,1691,2099,2521,2328,2190,2276,2311,2168,2257,5328,5494,5138,4943
NY,2000,backgroundpurge,implemented,,,,,,,,,,,,,,,,974,1364,1276,1057,1696,1691,2099,2521,2328,2190,2276,2311,2168,2257,5328,5494,5138,4943
NY,2000,gunshow,implemented,,,,,,,,,,,,,,,,974,1364,1276,1057,1696,1691,2099,2521,2328,2190,2276,2311,2168,2257,5328,5494,5138,4943
NY,2000,gunshowh,implemented,,,,,,,,,,,,,,,,974,1364,1276,1057,1696,1691,2099,2521,2328,2190,2276,2311,2168,2257,5328,5494,5138,4943
NY,2000,lockd,implemented,,,,,,,,,,,,,,,,974,1364,1276,1057,1696,1691,2099,2521,2328,2190,2276,2311,2168,2257,5328,5494,5138,4943
NY,2000,lockstandards,implemented,,,,,,,,,,,,,,,,974,1364,1276,1057,1696,1691,2099,2521,2328,2190,2276,2311,2168,2257,5328,5494,5138,4943
NY,2000,loststolen,implemented,,,,,,,,,,,,,,,,974,1364,1276,1057,1696,1691,2099,2521,2328,2190,2276,2311,2168,2257,5328,5494,5138,4943
NY,2000,magazine,implemented,,,,,,,,,,,,,,,,974,1364,1276,1057,1696,1691,2099,2521,2328,2190,2276,2311,2168,2257,5328,5494,5138,4943
NY,2000,mentalhealth,implemented,,,,,,,,,,,,,,,,974,1364,1276,1057,1696,1691,2099,2521,2328,2190,2276,2311,2168,2257,5328,5494,5138,4943
NY,2000,personalized,implemented,,,,,,,,,,,,,,,,974,1364,1276,1057,1696,1691,2099,2521,2328,2190,2276,2311,2168,2257,5328,5494,5138,4943
NY,2000,tenroundlimit,implemented,,,,,,,,,,,,,,,,974,1364,1276,1057,1696,1691,2099,2521,2328,2190,2276,2311,2168,2257,5328,5494,5138,4943
NY,2000,traffickingprohibited,implemented,,,,,,,,,,,,,,,,974,1364,1276,1057,1696,1691,2099,2521,2328,2190,2276,2311,2168,2257,5328,5494,5138,4943
NY,2000,traffickingprohibitedh,implemented,,,,,,,,,,,,,,,,974,1364,1276,1057,1696,1691,2099,2521,2328,2190,2276,2311,2168,2257,5328,5494,5138,4943
NY,2001,microstamp,implemented,,,,,,,,,,,,,,,974,1364,1276,1057,1696,1691,2099,2521,2328,2190,2276,2311,2168,2257,5328,5494,5138,4943,
NY,2002,personalized,removal,,,,,,,,,,,,,,974,1364,1276,1057,1696,1691,2099,2521,2328,2190,2276,2311,2168,2257,5328,5494,5138,4943,,
NY,2008,dvrodating,implemented,,,,,,,,974,1364,1276,1057,1696,1691,2099,2521,2328,2190,2276,2311,2168,2257,5328,5494,5138,4943,,,,,,,,
NY,2008,dvrosurrenderdating,implemented,,,,,,,,974,1364,1276,1057,1696,1691,2099,2521,2328,2190,2276,2311,2168,2257,5328,5494,5138,4943,,,,,,,,
NY,2008,expartedating,implemented,,,,,,,,974,1364,1276,1057,1696,1691,2099,2521,2328,2190,2276,2311,2168,2257,5328,5494,5138,4943,,,,,,,,
NY,2008,expartesurrenderdating,implemented,,,,,,,,974,1364,1276,1057,1696,1691,2099,2521,2328,2190,2276,2311,2168,2257,5328,5494,5138,4943,,,,,,,,
NY,2012,microstamp,removal,,,,974,1364,1276,1057,1696,1691,2099,2521,2328,2190,2276,2311,2168,2257,5328,5494,5138,4943,,,,,,,,,,,,
NY,2013,assaultregister,implemented,,,974,1364,1276,1057,1696,1691,2099,2521,2328,2190,2276,2311,2168,2257,5328,5494,5138,4943,,,,,,,,,,,,,
NY,2013,assaulttransfer,implemented,,,974,1364,1276,1057,1696,1691,2099,2521,2328,2190,2276,2311,2168,2257,5328,5494,5138,4943,,,,,,,,,,,,,
NY,2013,magazinepreowned,implemented,,,974,1364,1276,1057,1696,1691,2099,2521,2328,2190,2276,2311,2168,2257,5328,5494,5138,4943,,,,,,,,,,,,,
NY,2013,onefeature,implemented,,,974,1364,1276,1057,1696,1691,2099,2521,2328,2190,2276,2311,2168,2257,5328,5494,5138,4943,,,,,,,,,,,,,
NY,2013,recordsallh,implemented,,,974,1364,1276,1057,1696,1691,2099,2521,2328,2190,2276,2311,2168,2257,5328,5494,5138,4943,,,,,,,,,,,,,
NY,2013,relinquishment,implemented,,,974,1364,1276,1057,1696,1691,2099,2521,2328,2190,2276,2311,2168,2257,5328,5494,5138,4943,,,,,,,,,,,,,
NY,2013,universal,implemented,,,974,1364,1276,1057,1696,1691,2099,2521,2328,2190,2276,2311,2168,2257,5328,5494,5138,4943,,,,,,,,,,,,,
NY,2013,universalh,implemented,,,974,1364,1276,1057,1696,1691,2099,2521,2328,2190,2276,2311,2168,2257,5328,5494,5138,4943,,,,,,,,,,,,,
NY,2013,universalpermit,implemented,,,974,1364,1276,1057,1696,1691,2099,2521,2328,2190,2276,2311,2168,2257,5328,5494,5138,4943,,,,,,,,,,,,,
NY,2014,mcdvsurrender,implemented,,974,1364,1276,1057,1696,1691,2099,2521,2328,2190,2276,2311,2168,2257,5328,5494,5138,4943,,,,,,,,,,,,,,
NY,2014,mcdvsurrenderdating,implemented,,974,1364,1276,1057,1696,1691,2099,2521,2328,2190,2276,2311,2168,2257,5328,5494,5138,4943,,,,,,,,,,,,,,
NY,2014,mcdvsurrendernoconditions,implemented,,974,1364,1276,1057,1696,1691,2099,2521,2328,2190,2276,2311,2168,2257,5328,5494,5138,4943,,,,,,,,,,,,,,
OH,2001,immunity,removal,,,,,,,,,,,,,,,2327,2170,2717,3105,2041,3154,3223,3557,2697,3370,3510,3511,3688,3101,2897,3757,3897,5339,
OH,2004,ccbackgroundnics,removal,,,,,,,,,,,,2327,2170,2717,3105,2041,3154,3223,3557,2697,3370,3510,3511,3688,3101,2897,3757,3897,5339,,,,
OH,2004,danger,implemented,,,,,,,,,,,,2327,2170,2717,3105,2041,3154,3223,3557,2697,3370,3510,3511,3688,3101,2897,3757,3897,5339,,,,
OH,2004,invcommitment,implemented,,,,,,,,,,,,2327,2170,2717,3105,2041,3154,3223,3557,2697,3370,3510,3511,3688,3101,2897,3757,3897,5339,,,,
OH,2004,mayissue,removal,,,,,,,,,,,,2327,2170,2717,3105,2041,3154,3223,3557,2697,3370,3510,3511,3688,3101,2897,3757,3897,5339,,,,
OH,2004,preemption,removal,,,,,,,,,,,,2327,2170,2717,3105,2041,3154,3223,3557,2697,3370,3510,3511,3688,3101,2897,3757,3897,5339,,,,
OH,2004,showing,removal,,,,,,,,,,,,2327,2170,2717,3105,2041,3154,3223,3557,2697,3370,3510,3511,3688,3101,2897,3757,3897,5339,,,,
OH,2007,preemptionbroad,removal,,,,,,,,,2327,2170,2717,3105,2041,3154,3223,3557,2697,3370,3510,3511,3688,3101,2897,3757,3897,5339,,,,,,,
OH,2007,preemptionnarrow,removal,,,,,,,,,2327,2170,2717,3105,2041,3154,3223,3557,2697,3370,3510,3511,3688,3101,2897,3757,3897,5339,,,,,,,
OH,2011,drugmisdemeanor,removal,,,,,2327,2170,2717,3105,2041,3154,3223,3557,2697,3370,3510,3511,3688,3101,2897,3757,3897,5339,,,,,,,,,,,
OH,2015,ccbackgroundnics,implemented,2327,2170,2717,3105,2041,3154,3223,3557,2697,3370,3510,3511,3688,3101,2897,3757,3897,5339,,,,,,,,,,,,,,,
OK,2006,nosyg,removal,,,,,,,,,,2013,2078,2173,2109,2071,2159,2546,2477,2239,2464,2449,2347,2089,2202,1950,2044,2522,2827,,,,,,
OK,2012,opencarrypermith,implemented,,,,2013,2078,2173,2109,2071,2159,2546,2477,2239,2464,2449,2347,2089,2202,1950,2044,2522,2827,,,,,,,,,,,,
OK,2013,elementary,removal,,,2013,2078,2173,2109,2071,2159,2546,2477,2239,2464,2449,2347,2089,2202,1950,2044,2522,2827,,,,,,,,,,,,,
OR,2000,backgroundpurge,implemented,,,,,,,,,,,,,,,,1066,848,689,751,725,681,780,736,721,680,613,614,671,431,598,574,311,904
OR,2000,gunshow,implemented,,,,,,,,,,,,,,,,1066,848,689,751,725,681,780,736,721,680,613,614,671,431,598,574,311,904
OR,2000,gunshowh,implemented,,,,,,,,,,,,,,,,1066,848,689,751,725,681,780,736,721,680,613,614,671,431,598,574,311,904
OR,2000,mentalhealth,implemented,,,,,,,,,,,,,,,,1066,848,689,751,725,681,780,736,721,680,613,614,671,431,598,574,311,904
OR,2000,recordsdealer,implemented,,,,,,,,,,,,,,,,1066,848,689,751,725,681,780,736,721,680,613,614,671,431,598,574,311,904
OR,2000,reportdealer,implemented,,,,,,,,,,,,,,,,1066,848,689,751,725,681,780,736,721,680,613,614,671,431,598,574,311,904
OR,2000,statechecks,implemented,,,,,,,,,,,,,,,,1066,848,689,751,725,681,780,736,721,680,613,614,671,431,598,574,311,904
OR,2000,statechecksh,implemented,,,,,,,,,,,,,,,,1066,848,689,751,725,681,780,736,721,680,613,614,671,431,598,574,311,904
OR,2015,invoutpatient,implemented,1066,848,689,751,725,681,780,736,721,680,613,614,671,431,598,574,311,904,,,,,,,,,,,,,,,
OR,2015,recordsall,implemented,1066,848,689,751,725,681,780,736,721,680,613,614,671,431,598,574,311,904,,,,,,,,,,,,,,,
OR,2015,recordsallh,implemented,1066,848,689,751,725,681,780,736,721,680,613,614,671,431,598,574,311,904,,,,,,,,,,,,,,,
OR,2015,reportall,implemented,1066,848,689,751,725,681,780,736,721,680,613,614,671,431,598,574,311,904,,,,,,,,,,,,,,,
OR,2015,reportallh,implemented,1066,848,689,751,725,681,780,736,721,680,613,614,671,431,598,574,311,904,,,,,,,,,,,,,,,
OR,2015,universal,implemented,1066,848,689,751,725,681,780,736,721,680,613,614,671,431,598,574,311,904,,,,,,,,,,,,,,,
OR,2015,universalh,implemented,1066,848,689,751,725,681,780,736,721,680,613,614,671,431,598,574,311,904,,,,,,,,,,,,,,,
OR,2015,universalpermit,implemented,1066,848,689,751,725,681,780,736,721,680,613,614,671,431,598,574,311,904,,,,,,,,,,,,,,,
OR,2015,universalpermith,implemented,1066,848,689,751,725,681,780,736,721,680,613,614,671,431,598,574,311,904,,,,,,,,,,,,,,,
OR,2016,dvro,implemented,848,689,751,725,681,780,736,721,680,613,614,671,431,598,574,311,904,,,,,,,,,,,,,,,,
OR,2016,mcdv,implemented,848,689,751,725,681,780,736,721,680,613,614,671,431,598,574,311,904,,,,,,,,,,,,,,,,
PA,2000,lockd,implemented,,,,,,,,,,,,,,,,4705,5255,5132,5335,5068,5445,5678,5762,5353,5348,4851,4984,4675,4817,4452,4399,4470,4731
PA,2006,mcdv,implemented,,,,,,,,,,4705,5255,5132,5335,5068,5445,5678,5762,5353,5348,4851,4984,4675,4817,4452,4399,4470,4731,,,,,,
PA,2006,mcdvsurrender,implemented,,,,,,,,,,4705,5255,5132,5335,5068,5445,5678,5762,5353,5348,4851,4984,4675,4817,4452,4399,4470,4731,,,,,,
PA,2006,mcdvsurrendernoconditions,implemented,,,,,,,,,,4705,5255,5132,5335,5068,5445,5678,5762,5353,5348,4851,4984,4675,4817,4452,4399,4470,4731,,,,,,
PA,2008,strawpurchaseh,implemented,,,,,,,,4705,5255,5132,5335,5068,5445,5678,5762,5353,5348,4851,4984,4675,4817,4452,4399,4470,4731,,,,,,,,
PA,2011,nosyg,removal,,,,,4705,5255,5132,5335,5068,5445,5678,5762,5353,5348,4851,4984,4675,4817,4452,4399,4470,4731,,,,,,,,,,,
RI,2000,lockd,implemented,,,,,,,,,,,,,,,,244,217,256,271,358,306,225,179,201,304,320,302,156,378,398,290,344,268
RI,2014,alcoholism,removal,,244,217,256,271,358,306,225,179,201,304,320,302,156,378,398,290,344,268,,,,,,,,,,,,,,
RI,2014,alctreatment,removal,,244,217,256,271,358,306,225,179,201,304,320,302,156,378,398,290,344,268,,,,,,,,,,,,,,
SC,2000,immunity,removal,,,,,,,,,,,,,,,,2567,1383,2171,5247,5000,5691,5780,6071,6058,5602,5685,5274,5272,5069,5749,5033,6241,7186
SC,2001,recordsdealerh,implemented,,,,,,,,,,,,,,,2567,1383,2171,5247,5000,5691,5780,6071,6058,5602,5685,5274,5272,5069,5749,5033,6241,7186,
SC,2004,onepermonth,removal,,,,,,,,,,,,2567,1383,2171,5247,5000,5691,5780,6071,6058,5602,5685,5274,5272,5069,5749,5033,6241,7186,,,,
SC,2005,recordsdealerh,removal,,,,,,,,,,,2567,1383,2171,5247,5000,5691,5780,6071,6058,5602,5685,5274,5272,5069,5749,5033,6241,7186,,,,,
SC,2005,reportdealerh,removal,,,,,,,,,,,2567,1383,2171,5247,5000,5691,5780,6071,6058,5602,5685,5274,5272,5069,5749,5033,6241,7186,,,,,
SC,2006,nosyg,removal,,,,,,,,,,2567,1383,2171,5247,5000,5691,5780,6071,6058,5602,5685,5274,5272,5069,5749,5033,6241,7186,,,,,,
SC,2008,age21handgunpossess,removal,,,,,,,,2567,1383,2171,5247,5000,5691,5780,6071,6058,5602,5685,5274,5272,5069,5749,5033,6241,7186,,,,,,,,
SC,2008,age21handgunsale,removal,,,,,,,,2567,1383,2171,5247,5000,5691,5780,6071,6058,5602,5685,5274,5272,5069,5749,5033,6241,7186,,,,,,,,
SC,2012,dealerh,removal,,,,2567,1383,2171,5247,5000,5691,5780,6071,6058,5602,5685,5274,5272,5069,5749,5033,6241,7186,,,,,,,,,,,,
SC,2012,junkgun,removal,,,,2567,1383,2171,5247,5000,5691,5780,6071,6058,5602,5685,5274,5272,5069,5749,5033,6241,7186,,,,,,,,,,,,
SC,2013,danger,implemented,,,2567,1383,2171,5247,5000,5691,5780,6071,6058,5602,5685,5274,5272,5069,5749,5033,6241,7186,,,,,,,,,,,,,
SC,2013,invcommitment,implemented,,,2567,1383,2171,5247,5000,5691,5780,6071,6058,5602,5685,5274,5272,5069,5749,5033,6241,7186,,,,,,,,,,,,,
SD,2002,ccbackground,implemented,,,,,,,,,,,,,,94,86,67,85,114,75,37,112,105,112,109,144,151,252,190,213,293,235,,
SD,2005,mcdv,implemented,,,,,,,,,,,94,86,67,85,114,75,37,112,105,112,109,144,151,252,190,213,293,235,,,,,
SD,2006,nosyg,removal,,,,,,,,,,94,86,67,85,114,75,37,112,105,112,109,144,151,252,190,213,293,235,,,,,,
SD,2013,elementary,removal,,,94,86,67,85,114,75,37,112,105,112,109,144,151,252,190,213,293,235,,,,,,,,,,,,,
TN,2007,nosyg,removal,,,,,,,,,6781,7817,9149,9231,8799,8809,9972,9754,9645,9381,9154,8231,8555,8635,8295,9425,9855,10924,,,,,,,
TN,2008,felony,implemented,,,,,,,,6781,7817,9149,9231,8799,8809,9972,9754,9645,9381,9154,8231,8555,8635,8295,9425,9855,10924,,,,,,,,
TN,2009,danger,implemented,,,,,,,6781,7817,9149,9231,8799,8809,9972,9754,9645,9381,9154,8231,8555,8635,8295,9425,9855,10924,,,,,,,,,
TN,2009,dvro,implemented,,,,,,,6781,7817,9149,9231,8799,8809,9972,9754,9645,9381,9154,8231,8555,8635,8295,9425,9855,10924,,,,,,,,,
TN,2009,dvrosurrender,implemented,,,,,,,6781,7817,9149,9231,8799,8809,9972,9754,9645,9381,9154,8231,8555,8635,8295,9425,9855,10924,,,,,,,,,
TN,2009,dvrosurrendernoconditions,implemented,,,,,,,6781,7817,9149,9231,8799,8809,9972,9754,9645,9381,9154,8231,8555,8635,8295,9425,9855,10924,,,,,,,,,
TN,2009,invcommitment,implemented,,,,,,,6781,7817,9149,9231,8799,8809,9972,9754,9645,9381,9154,8231,8555,8635,8295,9425,9855,10924,,,,,,,,,
TN,2009,invoutpatient,implemented,,,,,,,6781,7817,9149,9231,8799,8809,9972,9754,9645,9381,9154,8231,8555,8635,8295,9425,9855,10924,,,,,,,,,
TN,2009,mcdv,implemented,,,,,,,6781,7817,9149,9231,8799,8809,9972,9754,9645,9381,9154,8231,8555,8635,8295,9425,9855,10924,,,,,,,,,
TN,2009,mcdvsurrender,implemented,,,,,,,6781,7817,9149,9231,8799,8809,9972,9754,9645,9381,9154,8231,8555,8635,8295,9425,9855,10924,,,,,,,,,
TN,2009,mcdvsurrendernoconditions,implemented,,,,,,,6781,7817,9149,9231,8799,8809,9972,9754,9645,9381,9154,8231,8555,8635,8295,9425,9855,10924,,,,,,,,,
TN,2016,collegeconcealed,removal,7817,9149,9231,8799,8809,9972,9754,9645,9381,9154,8231,8555,8635,8295,9425,9855,10924,,,,,,,,,,,,,,,,
TN,2016,elementary,removal,7817,9149,9231,8799,8809,9972,9754,9645,9381,9154,8231,8555,8635,8295,9425,9855,10924,,,,,,,,,,,,,,,,
TX,2001,dvro,implemented,,,,,,,,,,,,,,,14820,14866,15534,16585,16352,16107,17514,17513,17174,17622,17516,15544,13998,15227,15053,14890,18051,21222,
TX,2001,dvrodating,implemented,,,,,,,,,,,,,,,14820,14866,15534,16585,16352,16107,17514,17513,17174,17622,17516,15544,13998,15227,15053,14890,18051,21222,
TX,2001,mcdv,implemented,,,,,,,,,,,,,,,14820,14866,15534,16585,16352,16107,17514,17513,17174,17622,17516,15544,13998,15227,15053,14890,18051,21222,
TX,2007,nosyg,removal,,,,,,,,,14820,14866,15534,16585,16352,16107,17514,17513,17174,17622,17516,15544,13998,15227,15053,14890,18051,21222,,,,,,,
TX,2008,exparte,implemented,,,,,,,,14820,14866,15534,16585,16352,16107,17514,17513,17174,17622,17516,15544,13998,15227,15053,14890,18051,21222,,,,,,,,
TX,2008,expartedating,implemented,,,,,,,,14820,14866,15534,16585,16352,16107,17514,17513,17174,17622,17516,15544,13998,15227,15053,14890,18051,21222,,,,,,,,
TX,2009,ccrevoke,implemented,,,,,,,14820,14866,15534,16585,16352,16107,17514,17513,17174,17622,17516,15544,13998,15227,15053,14890,18051,21222,,,,,,,,,
TX,2016,collegeconcealed,removal,14866,15534,16585,16352,16107,17514,17513,17174,17622,17516,15544,13998,15227,15053,14890,18051,21222,,,,,,,,,,,,,,,,
TX,2016,opencarryh,removal,14866,15534,16585,16352,16107,17514,17513,17174,17622,17516,15544,13998,15227,15053,14890,18051,21222,,,,,,,,,,,,,,,,
UT,2000,immunity,removal,,,,,,,,,,,,,,,,445,398,435,594,546,510,529,628,660,600,537,603,573,556,604,529,599,849
UT,2002,college,removal,,,,,,,,,,,,,,445,398,435,594,546,510,529,628,660,600,537,603,573,556,604,529,599,849,,
VA,2000,immunity,removal,,,,,,,,,,,,,,,,1271,1296,1759,1929,1125,1579,2367,2080,1998,2146,1819,1872,1722,1887,1970,2325,2596,3229
VA,2004,dealerh,removal,,,,,,,,,,,,1271,1296,1759,1929,1125,1579,2367,2080,1998,2146,1819,1872,1722,1887,1970,2325,2596,3229,,,,
VA,2004,permith,removal,,,,,,,,,,,,1271,1296,1759,1929,1125,1579,2367,2080,1998,2146,1819,1872,1722,1887,1970,2325,2596,3229,,,,
VA,2008,invoutpatient,implemented,,,,,,,,1271,1296,1759,1929,1125,1579,2367,2080,1998,2146,1819,1872,1722,1887,1970,2325,2596,3229,,,,,,,,
VA,2012,onepermonth,removal,,,,1271,1296,1759,1929,1125,1579,2367,2080,1998,2146,1819,1872,1722,1887,1970,2325,2596,3229,,,,,,,,,,,,
VA,2016,dvro,implemented,1296,1759,1929,1125,1579,2367,2080,1998,2146,1819,1872,1722,1887,1970,2325,2596,3229,,,,,,,,,,,,,,,,
VT,2015,mcdv,implemented,36,34,26,46,55,62,46,70,69,60,62,49,67,61,62,46,72,39,,,,,,,,,,,,,,,
VT,2015,mcdvdating,implemented,36,34,26,46,55,62,46,70,69,60,62,49,67,61,62,46,72,39,,,,,,,,,,,,,,,
VT,2015,stalking,implemented,36,34,26,46,55,62,46,70,69,60,62,49,67,61,62,46,72,39,,,,,,,,,,,,,,,
WA,2011,ccbackgroundnics,implemented,,,,,1835,2088,1353,1301,1365,1338,1541,1544,1914,1805,1719,1678,1798,1850,1631,1720,2130,2708,,,,,,,,,,,
WA,2014,backgroundpurge,implemented,,1835,2088,1353,1301,1365,1338,1541,1544,1914,1805,1719,1678,1798,1850,1631,1720,2130,2708,,,,,,,,,,,,,,
WA,2014,defactoregh,implemented,,1835,2088,1353,1301,1365,1338,1541,1544,1914,1805,1719,1678,1798,1850,1631,1720,2130,2708,,,,,,,,,,,,,,
WA,2014,gunshow,implemented,,1835,2088,1353,1301,1365,1338,1541,1544,1914,1805,1719,1678,1798,1850,1631,1720,2130,2708,,,,,,,,,,,,,,
WA,2014,gunshowh,implemented,,1835,2088,1353,1301,1365,1338,1541,1544,1914,1805,1719,1678,1798,1850,1631,1720,2130,2708,,,,,,,,,,,,,,
WA,2014,mentalhealth,implemented,,1835,2088,1353,1301,1365,1338,1541,1544,1914,1805,1719,1678,1798,1850,1631,1720,2130,2708,,,,,,,,,,,,,,
WA,2014,permith,implemented,,1835,2088,1353,1301,1365,1338,1541,1544,1914,1805,1719,1678,1798,1850,1631,1720,2130,2708,,,,,,,,,,,,,,
WA,2014,permitlaw,implemented,,1835,2088,1353,1301,1365,1338,1541,1544,1914,1805,1719,1678,1798,1850,1631,1720,2130,2708,,,,,,,,,,,,,,
WA,2014,recordsallh,implemented,,1835,2088,1353,1301,1365,1338,1541,1544,1914,1805,1719,1678,1798,1850,1631,1720,2130,2708,,,,,,,,,,,,,,
WA,2014,reportallh,implemented,,1835,2088,1353,1301,1365,1338,1541,1544,1914,1805,1719,1678,1798,1850,1631,1720,2130,2708,,,,,,,,,,,,,,
WA,2014,statechecks,implemented,,1835,2088,1353,1301,1365,1338,1541,1544,1914,1805,1719,1678,1798,1850,1631,1720,2130,2708,,,,,,,,,,,,,,
WA,2014,statechecksh,implemented,,1835,2088,1353,1301,1365,1338,1541,1544,1914,1805,1719,1678,1798,1850,1631,1720,2130,2708,,,,,,,,,,,,,,
WA,2014,threedaylimit,implemented,,1835,2088,1353,1301,1365,1338,1541,1544,1914,1805,1719,1678,1798,1850,1631,1720,2130,2708,,,,,,,,,,,,,,
WA,2014,universal,implemented,,1835,2088,1353,1301,1365,1338,1541,1544,1914,1805,1719,1678,1798,1850,1631,1720,2130,2708,,,,,,,,,,,,,,
WA,2014,universalh,implemented,,1835,2088,1353,1301,1365,1338,1541,1544,1914,1805,1719,1678,1798,1850,1631,1720,2130,2708,,,,,,,,,,,,,,
WA,2014,universalpermit,implemented,,1835,2088,1353,1301,1365,1338,1541,1544,1914,1805,1719,1678,1798,1850,1631,1720,2130,2708,,,,,,,,,,,,,,
WA,2014,universalpermith,implemented,,1835,2088,1353,1301,1365,1338,1541,1544,1914,1805,1719,1678,1798,1850,1631,1720,2130,2708,,,,,,,,,,,,,,
WA,2016,gvro,implemented,2088,1353,1301,1365,1338,1541,1544,1914,1805,1719,1678,1798,1850,1631,1720,2130,2708,,,,,,,,,,,,,,,,
WA,2016,gvrolawenforcement,implemented,2088,1353,1301,1365,1338,1541,1544,1914,1805,1719,1678,1798,1850,1631,1720,2130,2708,,,,,,,,,,,,,,,,
WI,2002,dvrodating,implemented,,,,,,,,,,,,,,1136,1104,966,1008,930,806,1327,2056,2258,2003,1900,1764,1495,1953,2087,2554,2841,2824,,
WI,2002,dvrosurrenderdating,implemented,,,,,,,,,,,,,,1136,1104,966,1008,930,806,1327,2056,2258,2003,1900,1764,1495,1953,2087,2554,2841,2824,,
WI,2002,stalking,implemented,,,,,,,,,,,,,,1136,1104,966,1008,930,806,1327,2056,2258,2003,1900,1764,1495,1953,2087,2554,2841,2824,,
WI,2010,alctreatment,implemented,,,,,,1136,1104,966,1008,930,806,1327,2056,2258,2003,1900,1764,1495,1953,2087,2554,2841,2824,,,,,,,,,,
WI,2010,danger,implemented,,,,,,1136,1104,966,1008,930,806,1327,2056,2258,2003,1900,1764,1495,1953,2087,2554,2841,2824,,,,,,,,,,
WI,2011,mayissue,removal,,,,,1136,1104,966,1008,930,806,1327,2056,2258,2003,1900,1764,1495,1953,2087,2554,2841,2824,,,,,,,,,,,
WI,2011,showing,removal,,,,,1136,1104,966,1008,930,806,1327,2056,2258,2003,1900,1764,1495,1953,2087,2554,2841,2824,,,,,,,,,,,
WI,2015,waitingh,removal,1136,1104,966,1008,930,806,1327,2056,2258,2003,1900,1764,1495,1953,2087,2554,2841,2824,,,,,,,,,,,,,,,
WV,2000,dvro,implemented,,,,,,,,,,,,,,,,814,412,345,541,360,558,833,407,759,559,762,339,780,578,392,682,804,1025
WV,2000,dvrodating,implemented,,,,,,,,,,,,,,,,814,412,345,541,360,558,833,407,759,559,762,339,780,578,392,682,804,1025
WV,2000,mcdv,implemented,,,,,,,,,,,,,,,,814,412,345,541,360,558,833,407,759,559,762,339,780,578,392,682,804,1025
WV,2000,mcdvdating,implemented,,,,,,,,,,,,,,,,814,412,345,541,360,558,833,407,759,559,762,339,780,578,392,682,804,1025
WV,2000,violentpartial,implemented,,,,,,,,,,,,,,,,814,412,345,541,360,558,833,407,759,559,762,339,780,578,392,682,804,1025
WV,2001,exparte,implemented,,,,,,,,,,,,,,,814,412,345,541,360,558,833,407,759,559,762,339,780,578,392,682,804,1025,
WV,2001,expartedating,implemented,,,,,,,,,,,,,,,814,412,345,541,360,558,833,407,759,559,762,339,780,578,392,682,804,1025,
WV,2003,immunity,removal,,,,,,,,,,,,,814,412,345,541,360,558,833,407,759,559,762,339,780,578,392,682,804,1025,,,
WV,2008,nosyg,removal,,,,,,,,814,412,345,541,360,558,833,407,759,559,762,339,780,578,392,682,804,1025,,,,,,,,
WV,2010,age18longgunsale,implemented,,,,,,814,412,345,541,360,558,833,407,759,559,762,339,780,578,392,682,804,1025,,,,,,,,,,
WV,2010,age21handgunsale,implemented,,,,,,814,412,345,541,360,558,833,407,759,559,762,339,780,578,392,682,804,1025,,,,,,,,,,
WV,2010,amm18,implemented,,,,,,814,412,345,541,360,558,833,407,759,559,762,339,780,578,392,682,804,1025,,,,,,,,,,
WV,2010,amm21h,implemented,,,,,,814,412,345,541,360,558,833,407,759,559,762,339,780,578,392,682,804,1025,,,,,,,,,,
WV,2012,ccbackgroundnics,implemented,,,,814,412,345,541,360,558,833,407,759,559,762,339,780,578,392,682,804,1025,,,,,,,,,,,,
WV,2012,ccrenewbackground,implemented,,,,814,412,345,541,360,558,833,407,759,559,762,339,780,578,392,682,804,1025,,,,,,,,,,,,
WV,2016,ccbackground,removal,412,345,541,360,558,833,407,759,559,762,339,780,578,392,682,804,1025,,,,,,,,,,,,,,,,
WV,2016,ccbackgroundnics,removal,412,345,541,360,558,833,407,759,559,762,339,780,578,392,682,804,1025,,,,,,,,,,,,,,,,
WV,2016,ccrenewbackground,removal,412,345,541,360,558,833,407,759,559,762,339,780,578,392,682,804,1025,,,,,,,,,,,,,,,,
WV,2016,ccrevoke,removal,412,345,541,360,558,833,407,759,559,762,339,780,578,392,682,804,1025,,,,,,,,,,,,,,,,
WV,2016,elementary,removal,412,345,541,360,558,833,407,759,559,762,339,780,578,392,682,804,1025,,,,,,,,,,,,,,,,
WV,2016,permitconcealed,removal,412,345,541,360,558,833,407,759,559,762,339,780,578,392,682,804,1025,,,,,,,,,,,,,,,,
WY,2010,age18longgunsale,implemented,,,,,,88,107,104,100,105,122,80,93,98,96,98,79,112,92,87,91,102,90,,,,,,,,,,
WY,2010,age21handgunsale,implemented,,,,,,88,107,104,100,105,122,80,93,98,96,98,79,112,92,87,91,102,90,,,,,,,,,,
WY,2010,felony,implemented,,,,,,88,107,104,100,105,122,80,93,98,96,98,79,112,92,87,91,102,90,,,,,,,,,,
WY,2011,ccbackground,removal,,,,,88,107,104,100,105,122,80,93,98,96,98,79,112,92,87,91,102,90,,,,,,,,,,,
WY,2011,ccrenewbackground,removal,,,,,88,107,104,100,105,122,80,93,98,96,98,79,112,92,87,91,102,90,,,,,,,,,,,
WY,2011,ccrevoke,removal,,,,,88,107,104,100,105,122,80,93,98,96,98,79,112,92,87,91,102,90,,,,,,,,,,,
WY,2011,permitconcealed,removal,,,,,88,107,104,100,105,122,80,93,98,96,98,79,112,92,87,91,102,90,,,,,,,,,,,
