State,Year,LawName,Switching,Suicides_-16,Suicides_-15,Suicides_-14,Suicides_-13,Suicides_-12,Suicides_-11,Suicides_-10,Suicides_-9,Suicides_-8,Suicides_-7,Suicides_-6,Suicides_-5,Suicides_-4,Suicides_-3,Suicides_-2,Suicides_-1,Suicides_0,Suicides_1,Suicides_2,Suicides_3,Suicides_4,Suicides_5,Suicides_6,Suicides_7,Suicides_8,Suicides_9,Suicides_10,Suicides_11,Suicides_12,Suicides_13,Suicides_14,Suicides_15,Suicides_16
AK,2003,ccbackground,removal,,,,,,,,,,,,,55,96,61,87,76,89,81,68,87,116,76,99,99,98,120,115,123,113,,,
AK,2003,ccrevoke,removal,,,,,,,,,,,,,55,96,61,87,76,89,81,68,87,116,76,99,99,98,120,115,123,113,,,
AK,2003,permitconcealed,removal,,,,,,,,,,,,,55,96,61,87,76,89,81,68,87,116,76,99,99,98,120,115,123,113,,,
AK,2013,nosyg,removal,,,55,96,61,87,76,89,81,68,87,116,76,99,99,98,120,115,123,113,,,,,,,,,,,,,
AL,2000,immunity,removal,,,,,,,,,,,,,,,,435,427,387,381,399,375,369,400,396,424,479,454,452,500,504,479,528,550
AL,2000,preemptionbroad,removal,,,,,,,,,,,,,,,,435,427,387,381,399,375,369,400,396,424,479,454,452,500,504,479,528,550
AL,2000,recordsallh,removal,,,,,,,,,,,,,,,,435,427,387,381,399,375,369,400,396,424,479,454,452,500,504,479,528,550
AL,2000,reportallh,removal,,,,,,,,,,,,,,,,435,427,387,381,399,375,369,400,396,424,479,454,452,500,504,479,528,550
AL,2000,waitingh,removal,,,,,,,,,,,,,,,,435,427,387,381,399,375,369,400,396,424,479,454,452,500,504,479,528,550
AL,2006,ccbackground,implemented,,,,,,,,,,435,427,387,381,399,375,369,400,396,424,479,454,452,500,504,479,528,550,,,,,,
AL,2006,nosyg,removal,,,,,,,,,,435,427,387,381,399,375,369,400,396,424,479,454,452,500,504,479,528,550,,,,,,
AL,2012,stalking,removal,,,,435,427,387,381,399,375,369,400,396,424,479,454,452,500,504,479,528,550,,,,,,,,,,,,
AL,2013,ccbackgroundnics,implemented,,,435,427,387,381,399,375,369,400,396,424,479,454,452,500,504,479,528,550,,,,,,,,,,,,,
AL,2013,ccrenewbackground,implemented,,,435,427,387,381,399,375,369,400,396,424,479,454,452,500,504,479,528,550,,,,,,,,,,,,,
AL,2013,mayissue,removal,,,435,427,387,381,399,375,369,400,396,424,479,454,452,500,504,479,528,550,,,,,,,,,,,,,
AL,2013,showing,removal,,,435,427,387,381,399,375,369,400,396,424,479,454,452,500,504,479,528,550,,,,,,,,,,,,,
AL,2015,danger,implemented,435,427,387,381,399,375,369,400,396,424,479,454,452,500,504,479,528,550,,,,,,,,,,,,,,,
AL,2015,dvro,implemented,435,427,387,381,399,375,369,400,396,424,479,454,452,500,504,479,528,550,,,,,,,,,,,,,,,
AL,2015,invcommitment,implemented,435,427,387,381,399,375,369,400,396,424,479,454,452,500,504,479,528,550,,,,,,,,,,,,,,,
AL,2015,mcdv,implemented,435,427,387,381,399,375,369,400,396,424,479,454,452,500,504,479,528,550,,,,,,,,,,,,,,,
AL,2015,purge,removal,435,427,387,381,399,375,369,400,396,424,479,454,452,500,504,479,528,550,,,,,,,,,,,,,,,
AL,2015,recordsdealerh,removal,435,427,387,381,399,375,369,400,396,424,479,454,452,500,504,479,528,550,,,,,,,,,,,,,,,
AL,2015,reportdealerh,removal,435,427,387,381,399,375,369,400,396,424,479,454,452,500,504,479,528,550,,,,,,,,,,,,,,,
AL,2015,security,removal,435,427,387,381,399,375,369,400,396,424,479,454,452,500,504,479,528,550,,,,,,,,,,,,,,,
AR,2013,collegeconcealed,removal,,,234,244,274,257,258,232,262,247,244,275,285,266,299,307,322,323,342,331,,,,,,,,,,,,,
AR,2013,stalking,removal,,,234,244,274,257,258,232,262,247,244,275,285,266,299,307,322,323,342,331,,,,,,,,,,,,,
AZ,2000,mcdv,implemented,,,,,,,,,,,,,,,,476,489,468,559,486,509,514,563,552,540,605,620,674,663,655,683,707,755
AZ,2000,mcdvdating,implemented,,,,,,,,,,,,,,,,476,489,468,559,486,509,514,563,552,540,605,620,674,663,655,683,707,755
AZ,2010,ccbackground,removal,,,,,,476,489,468,559,486,509,514,563,552,540,605,620,674,663,655,683,707,755,,,,,,,,,,
AZ,2010,ccrenewbackground,removal,,,,,,476,489,468,559,486,509,514,563,552,540,605,620,674,663,655,683,707,755,,,,,,,,,,
AZ,2010,ccrevoke,removal,,,,,,476,489,468,559,486,509,514,563,552,540,605,620,674,663,655,683,707,755,,,,,,,,,,
AZ,2010,nosyg,removal,,,,,,476,489,468,559,486,509,514,563,552,540,605,620,674,663,655,683,707,755,,,,,,,,,,
AZ,2010,permitconcealed,removal,,,,,,476,489,468,559,486,509,514,563,552,540,605,620,674,663,655,683,707,755,,,,,,,,,,
CA,2000,dvro,implemented,,,,,,,,,,,,,,,,1532,1487,1450,1490,1505,1366,1329,1319,1422,1478,1519,1492,1564,1549,1571,1582,1559,1595
CA,2000,dvrodating,implemented,,,,,,,,,,,,,,,,1532,1487,1450,1490,1505,1366,1329,1319,1422,1478,1519,1492,1564,1549,1571,1582,1559,1595
CA,2000,dvrosurrender,implemented,,,,,,,,,,,,,,,,1532,1487,1450,1490,1505,1366,1329,1319,1422,1478,1519,1492,1564,1549,1571,1582,1559,1595
CA,2000,dvrosurrenderdating,implemented,,,,,,,,,,,,,,,,1532,1487,1450,1490,1505,1366,1329,1319,1422,1478,1519,1492,1564,1549,1571,1582,1559,1595
CA,2000,dvrosurrendernoconditions,implemented,,,,,,,,,,,,,,,,1532,1487,1450,1490,1505,1366,1329,1319,1422,1478,1519,1492,1564,1549,1571,1582,1559,1595
CA,2000,exparte,implemented,,,,,,,,,,,,,,,,1532,1487,1450,1490,1505,1366,1329,1319,1422,1478,1519,1492,1564,1549,1571,1582,1559,1595
CA,2000,expartedating,implemented,,,,,,,,,,,,,,,,1532,1487,1450,1490,1505,1366,1329,1319,1422,1478,1519,1492,1564,1549,1571,1582,1559,1595
CA,2000,expartesurrender,implemented,,,,,,,,,,,,,,,,1532,1487,1450,1490,1505,1366,1329,1319,1422,1478,1519,1492,1564,1549,1571,1582,1559,1595
CA,2000,expartesurrenderdating,implemented,,,,,,,,,,,,,,,,1532,1487,1450,1490,1505,1366,1329,1319,1422,1478,1519,1492,1564,1549,1571,1582,1559,1595
CA,2000,expartesurrendernoconditions,implemented,,,,,,,,,,,,,,,,1532,1487,1450,1490,1505,1366,1329,1319,1422,1478,1519,1492,1564,1549,1571,1582,1559,1595
CA,2000,incidentremoval,implemented,,,,,,,,,,,,,,,,1532,1487,1450,1490,1505,1366,1329,1319,1422,1478,1519,1492,1564,1549,1571,1582,1559,1595
CA,2000,magazine,implemented,,,,,,,,,,,,,,,,1532,1487,1450,1490,1505,1366,1329,1319,1422,1478,1519,1492,1564,1549,1571,1582,1559,1595
CA,2000,onefeature,implemented,,,,,,,,,,,,,,,,1532,1487,1450,1490,1505,1366,1329,1319,1422,1478,1519,1492,1564,1549,1571,1582,1559,1595
CA,2000,tenroundlimit,implemented,,,,,,,,,,,,,,,,1532,1487,1450,1490,1505,1366,1329,1319,1422,1478,1519,1492,1564,1549,1571,1582,1559,1595
CA,2001,junkgun,implemented,,,,,,,,,,,,,,,1532,1487,1450,1490,1505,1366,1329,1319,1422,1478,1519,1492,1564,1549,1571,1582,1559,1595,
CA,2002,immunity,implemented,,,,,,,,,,,,,,1532,1487,1450,1490,1505,1366,1329,1319,1422,1478,1519,1492,1564,1549,1571,1582,1559,1595,,
CA,2002,lockd,implemented,,,,,,,,,,,,,,1532,1487,1450,1490,1505,1366,1329,1319,1422,1478,1519,1492,1564,1549,1571,1582,1559,1595,,
CA,2002,lockp,implemented,,,,,,,,,,,,,,1532,1487,1450,1490,1505,1366,1329,1319,1422,1478,1519,1492,1564,1549,1571,1582,1559,1595,,
CA,2002,lockstandards,implemented,,,,,,,,,,,,,,1532,1487,1450,1490,1505,1366,1329,1319,1422,1478,1519,1492,1564,1549,1571,1582,1559,1595,,
CA,2002,mcdvsurrender,implemented,,,,,,,,,,,,,,1532,1487,1450,1490,1505,1366,1329,1319,1422,1478,1519,1492,1564,1549,1571,1582,1559,1595,,
CA,2002,mcdvsurrenderdating,implemented,,,,,,,,,,,,,,1532,1487,1450,1490,1505,1366,1329,1319,1422,1478,1519,1492,1564,1549,1571,1582,1559,1595,,
CA,2002,mcdvsurrendernoconditions,implemented,,,,,,,,,,,,,,1532,1487,1450,1490,1505,1366,1329,1319,1422,1478,1519,1492,1564,1549,1571,1582,1559,1595,,
CA,2011,ammrecords,implemented,,,,,1532,1487,1450,1490,1505,1366,1329,1319,1422,1478,1519,1492,1564,1549,1571,1582,1559,1595,,,,,,,,,,,
CA,2012,fingerprint,implemented,,,,1532,1487,1450,1490,1505,1366,1329,1319,1422,1478,1519,1492,1564,1549,1571,1582,1559,1595,,,,,,,,,,,,
CA,2013,capaccess,implemented,,,1532,1487,1450,1490,1505,1366,1329,1319,1422,1478,1519,1492,1564,1549,1571,1582,1559,1595,,,,,,,,,,,,,
CA,2013,capliability,implemented,,,1532,1487,1450,1490,1505,1366,1329,1319,1422,1478,1519,1492,1564,1549,1571,1582,1559,1595,,,,,,,,,,,,,
CA,2013,dvroremoval,implemented,,,1532,1487,1450,1490,1505,1366,1329,1319,1422,1478,1519,1492,1564,1549,1571,1582,1559,1595,,,,,,,,,,,,,
CA,2013,microstamp,implemented,,,1532,1487,1450,1490,1505,1366,1329,1319,1422,1478,1519,1492,1564,1549,1571,1582,1559,1595,,,,,,,,,,,,,
CA,2014,defactoreg,implemented,,1532,1487,1450,1490,1505,1366,1329,1319,1422,1478,1519,1492,1564,1549,1571,1582,1559,1595,,,,,,,,,,,,,,
CA,2015,collegeconcealed,implemented,1532,1487,1450,1490,1505,1366,1329,1319,1422,1478,1519,1492,1564,1549,1571,1582,1559,1595,,,,,,,,,,,,,,,
CA,2015,permit,implemented,1532,1487,1450,1490,1505,1366,1329,1319,1422,1478,1519,1492,1564,1549,1571,1582,1559,1595,,,,,,,,,,,,,,,
CA,2016,gvro,implemented,1487,1450,1490,1505,1366,1329,1319,1422,1478,1519,1492,1564,1549,1571,1582,1559,1595,,,,,,,,,,,,,,,,
CA,2016,gvrolawenforcement,implemented,1487,1450,1490,1505,1366,1329,1319,1422,1478,1519,1492,1564,1549,1571,1582,1559,1595,,,,,,,,,,,,,,,,
CO,2000,immunity,removal,,,,,,,,,,,,,,,,309,350,390,380,363,402,396,371,396,387,454,427,443,533,489,539,541,613
CO,2000,traffickingprohibited,implemented,,,,,,,,,,,,,,,,309,350,390,380,363,402,396,371,396,387,454,427,443,533,489,539,541,613
CO,2000,traffickingprohibitedh,implemented,,,,,,,,,,,,,,,,309,350,390,380,363,402,396,371,396,387,454,427,443,533,489,539,541,613
CO,2001,gunshow,implemented,,,,,,,,,,,,,,,309,350,390,380,363,402,396,371,396,387,454,427,443,533,489,539,541,613,
CO,2001,gunshowh,implemented,,,,,,,,,,,,,,,309,350,390,380,363,402,396,371,396,387,454,427,443,533,489,539,541,613,
CO,2001,statechecks,implemented,,,,,,,,,,,,,,,309,350,390,380,363,402,396,371,396,387,454,427,443,533,489,539,541,613,
CO,2001,statechecksh,implemented,,,,,,,,,,,,,,,309,350,390,380,363,402,396,371,396,387,454,427,443,533,489,539,541,613,
CO,2003,ccbackground,implemented,,,,,,,,,,,,,309,350,390,380,363,402,396,371,396,387,454,427,443,533,489,539,541,613,,,
CO,2003,ccbackgroundnics,implemented,,,,,,,,,,,,,309,350,390,380,363,402,396,371,396,387,454,427,443,533,489,539,541,613,,,
CO,2003,ccrenewbackground,implemented,,,,,,,,,,,,,309,350,390,380,363,402,396,371,396,387,454,427,443,533,489,539,541,613,,,
CO,2003,ccrevoke,implemented,,,,,,,,,,,,,309,350,390,380,363,402,396,371,396,387,454,427,443,533,489,539,541,613,,,
CO,2003,elementary,implemented,,,,,,,,,,,,,309,350,390,380,363,402,396,371,396,387,454,427,443,533,489,539,541,613,,,
CO,2003,mayissue,removal,,,,,,,,,,,,,309,350,390,380,363,402,396,371,396,387,454,427,443,533,489,539,541,613,,,
CO,2003,preemption,removal,,,,,,,,,,,,,309,350,390,380,363,402,396,371,396,387,454,427,443,533,489,539,541,613,,,
CO,2003,preemptionbroad,removal,,,,,,,,,,,,,309,350,390,380,363,402,396,371,396,387,454,427,443,533,489,539,541,613,,,
CO,2003,preemptionnarrow,removal,,,,,,,,,,,,,309,350,390,380,363,402,396,371,396,387,454,427,443,533,489,539,541,613,,,
CO,2013,backgroundpurge,implemented,,,309,350,390,380,363,402,396,371,396,387,454,427,443,533,489,539,541,613,,,,,,,,,,,,,
CO,2013,dvro,implemented,,,309,350,390,380,363,402,396,371,396,387,454,427,443,533,489,539,541,613,,,,,,,,,,,,,
CO,2013,dvrosurrender,implemented,,,309,350,390,380,363,402,396,371,396,387,454,427,443,533,489,539,541,613,,,,,,,,,,,,,
CO,2013,dvrosurrendernoconditions,implemented,,,309,350,390,380,363,402,396,371,396,387,454,427,443,533,489,539,541,613,,,,,,,,,,,,,
CO,2013,magazine,implemented,,,309,350,390,380,363,402,396,371,396,387,454,427,443,533,489,539,541,613,,,,,,,,,,,,,
CO,2013,mcdv,implemented,,,309,350,390,380,363,402,396,371,396,387,454,427,443,533,489,539,541,613,,,,,,,,,,,,,
CO,2013,mcdvsurrender,implemented,,,309,350,390,380,363,402,396,371,396,387,454,427,443,533,489,539,541,613,,,,,,,,,,,,,
CO,2013,mcdvsurrendernoconditions,implemented,,,309,350,390,380,363,402,396,371,396,387,454,427,443,533,489,539,541,613,,,,,,,,,,,,,
CO,2013,recordsallh,implemented,,,309,350,390,380,363,402,396,371,396,387,454,427,443,533,489,539,541,613,,,,,,,,,,,,,
CO,2013,universal,implemented,,,309,350,390,380,363,402,396,371,396,387,454,427,443,533,489,539,541,613,,,,,,,,,,,,,
CO,2013,universalh,implemented,,,309,350,390,380,363,402,396,371,396,387,454,427,443,533,489,539,541,613,,,,,,,,,,,,,
CO,2013,universalpermit,implemented,,,309,350,390,380,363,402,396,371,396,387,454,427,443,533,489,539,541,613,,,,,,,,,,,,,
CO,2013,universalpermith,implemented,,,309,350,390,380,363,402,396,371,396,387,454,427,443,533,489,539,541,613,,,,,,,,,,,,,
CT,2002,relinquishment,implemented,,,,,,,,,,,,,,110,111,113,85,87,105,112,79,78,109,86,109,111,111,86,120,101,107,,
CT,2004,danger,implemented,,,,,,,,,,,,110,111,113,85,87,105,112,79,78,109,86,109,111,111,86,120,101,107,,,,
CT,2005,invoutpatient,implemented,,,,,,,,,,,110,111,113,85,87,105,112,79,78,109,86,109,111,111,86,120,101,107,,,,,
CT,2007,loststolen,implemented,,,,,,,,,110,111,113,85,87,105,112,79,78,109,86,109,111,111,86,120,101,107,,,,,,,
CT,2013,age18longgunpossess,implemented,,,110,111,113,85,87,105,112,79,78,109,86,109,111,111,86,120,101,107,,,,,,,,,,,,,
CT,2013,age18longgunsale,implemented,,,110,111,113,85,87,105,112,79,78,109,86,109,111,111,86,120,101,107,,,,,,,,,,,,,
CT,2013,amm18,implemented,,,110,111,113,85,87,105,112,79,78,109,86,109,111,111,86,120,101,107,,,,,,,,,,,,,
CT,2013,amm21h,implemented,,,110,111,113,85,87,105,112,79,78,109,86,109,111,111,86,120,101,107,,,,,,,,,,,,,
CT,2013,ammbackground,implemented,,,110,111,113,85,87,105,112,79,78,109,86,109,111,111,86,120,101,107,,,,,,,,,,,,,
CT,2013,ammpermit,implemented,,,110,111,113,85,87,105,112,79,78,109,86,109,111,111,86,120,101,107,,,,,,,,,,,,,
CT,2013,ammrestrict,implemented,,,110,111,113,85,87,105,112,79,78,109,86,109,111,111,86,120,101,107,,,,,,,,,,,,,
CT,2013,magazine,implemented,,,110,111,113,85,87,105,112,79,78,109,86,109,111,111,86,120,101,107,,,,,,,,,,,,,
CT,2013,onefeature,implemented,,,110,111,113,85,87,105,112,79,78,109,86,109,111,111,86,120,101,107,,,,,,,,,,,,,
CT,2013,tenroundlimit,implemented,,,110,111,113,85,87,105,112,79,78,109,86,109,111,111,86,120,101,107,,,,,,,,,,,,,
CT,2013,violent,implemented,,,110,111,113,85,87,105,112,79,78,109,86,109,111,111,86,120,101,107,,,,,,,,,,,,,
CT,2014,permit,implemented,,110,111,113,85,87,105,112,79,78,109,86,109,111,111,86,120,101,107,,,,,,,,,,,,,,
CT,2016,exparte,implemented,111,113,85,87,105,112,79,78,109,86,109,111,111,86,120,101,107,,,,,,,,,,,,,,,,
CT,2016,expartedating,implemented,111,113,85,87,105,112,79,78,109,86,109,111,111,86,120,101,107,,,,,,,,,,,,,,,,
CT,2016,expartesurrender,implemented,111,113,85,87,105,112,79,78,109,86,109,111,111,86,120,101,107,,,,,,,,,,,,,,,,
CT,2016,expartesurrenderdating,implemented,111,113,85,87,105,112,79,78,109,86,109,111,111,86,120,101,107,,,,,,,,,,,,,,,,
CT,2016,expartesurrendernoconditions,implemented,111,113,85,87,105,112,79,78,109,86,109,111,111,86,120,101,107,,,,,,,,,,,,,,,,
DE,2002,ccbackground,implemented,,,,,,,,,,,,,,38,39,52,29,42,36,42,42,46,41,33,43,36,46,60,59,55,59,,
DE,2003,stalking,removal,,,,,,,,,,,,,38,39,52,29,42,36,42,42,46,41,33,43,36,46,60,59,55,59,,,
DE,2007,dvrodating,implemented,,,,,,,,,38,39,52,29,42,36,42,42,46,41,33,43,36,46,60,59,55,59,,,,,,,
DE,2008,stalking,implemented,,,,,,,,38,39,52,29,42,36,42,42,46,41,33,43,36,46,60,59,55,59,,,,,,,,
DE,2013,backgroundpurge,implemented,,,38,39,52,29,42,36,42,42,46,41,33,43,36,46,60,59,55,59,,,,,,,,,,,,,
DE,2013,gunshow,implemented,,,38,39,52,29,42,36,42,42,46,41,33,43,36,46,60,59,55,59,,,,,,,,,,,,,
DE,2013,gunshowh,implemented,,,38,39,52,29,42,36,42,42,46,41,33,43,36,46,60,59,55,59,,,,,,,,,,,,,
DE,2013,loststolen,implemented,,,38,39,52,29,42,36,42,42,46,41,33,43,36,46,60,59,55,59,,,,,,,,,,,,,
DE,2013,mentalhealth,implemented,,,38,39,52,29,42,36,42,42,46,41,33,43,36,46,60,59,55,59,,,,,,,,,,,,,
DE,2013,recordsall,implemented,,,38,39,52,29,42,36,42,42,46,41,33,43,36,46,60,59,55,59,,,,,,,,,,,,,
DE,2013,recordsallh,implemented,,,38,39,52,29,42,36,42,42,46,41,33,43,36,46,60,59,55,59,,,,,,,,,,,,,
DE,2013,universal,implemented,,,38,39,52,29,42,36,42,42,46,41,33,43,36,46,60,59,55,59,,,,,,,,,,,,,
DE,2013,universalh,implemented,,,38,39,52,29,42,36,42,42,46,41,33,43,36,46,60,59,55,59,,,,,,,,,,,,,
DE,2013,universalpermit,implemented,,,38,39,52,29,42,36,42,42,46,41,33,43,36,46,60,59,55,59,,,,,,,,,,,,,
DE,2013,universalpermith,implemented,,,38,39,52,29,42,36,42,42,46,41,33,43,36,46,60,59,55,59,,,,,,,,,,,,,
DE,2014,invoutpatient,implemented,,38,39,52,29,42,36,42,42,46,41,33,43,36,46,60,59,55,59,,,,,,,,,,,,,,
DE,2016,threedaylimit,implemented,39,52,29,42,36,42,42,46,41,33,43,36,46,60,59,55,59,,,,,,,,,,,,,,,,
FL,2001,immunity,removal,,,,,,,,,,,,,,,1136,1186,1197,1205,1242,1197,1163,1227,1284,1397,1472,1454,1490,1550,1566,1538,1630,1672,
FL,2004,ammrestrict,implemented,,,,,,,,,,,,1136,1186,1197,1205,1242,1197,1163,1227,1284,1397,1472,1454,1490,1550,1566,1538,1630,1672,,,,
FL,2005,nosyg,removal,,,,,,,,,,,1136,1186,1197,1205,1242,1197,1163,1227,1284,1397,1472,1454,1490,1550,1566,1538,1630,1672,,,,,
GA,2006,ccbackgroundnics,implemented,,,,,,,,,,628,588,626,614,656,605,590,600,641,616,743,718,742,750,747,841,823,871,,,,,,
GA,2006,nosyg,removal,,,,,,,,,,628,588,626,614,656,605,590,600,641,616,743,718,742,750,747,841,823,871,,,,,,
GA,2014,college,removal,,628,588,626,614,656,605,590,600,641,616,743,718,742,750,747,841,823,871,,,,,,,,,,,,,,
GA,2014,collegeconcealed,removal,,628,588,626,614,656,605,590,600,641,616,743,718,742,750,747,841,823,871,,,,,,,,,,,,,,
GA,2014,dealerh,removal,,628,588,626,614,656,605,590,600,641,616,743,718,742,750,747,841,823,871,,,,,,,,,,,,,,
GA,2014,elementary,removal,,628,588,626,614,656,605,590,600,641,616,743,718,742,750,747,841,823,871,,,,,,,,,,,,,,
GA,2014,recordsdealerh,removal,,628,588,626,614,656,605,590,600,641,616,743,718,742,750,747,841,823,871,,,,,,,,,,,,,,
HI,2000,dvrodating,implemented,,,,,,,,,,,,,,,,22,28,25,20,22,26,21,16,26,27,31,33,33,39,23,29,37,34
HI,2000,dvrosurrenderdating,implemented,,,,,,,,,,,,,,,,22,28,25,20,22,26,21,16,26,27,31,33,33,39,23,29,37,34
HI,2000,expartedating,implemented,,,,,,,,,,,,,,,,22,28,25,20,22,26,21,16,26,27,31,33,33,39,23,29,37,34
HI,2000,expartesurrenderdating,implemented,,,,,,,,,,,,,,,,22,28,25,20,22,26,21,16,26,27,31,33,33,39,23,29,37,34
HI,2000,mcdvremovalallowed,implemented,,,,,,,,,,,,,,,,22,28,25,20,22,26,21,16,26,27,31,33,33,39,23,29,37,34
HI,2000,relinquishment,implemented,,,,,,,,,,,,,,,,22,28,25,20,22,26,21,16,26,27,31,33,33,39,23,29,37,34
HI,2006,backgroundpurge,implemented,,,,,,,,,,22,28,25,20,22,26,21,16,26,27,31,33,33,39,23,29,37,34,,,,,,
HI,2006,ccbackground,implemented,,,,,,,,,,22,28,25,20,22,26,21,16,26,27,31,33,33,39,23,29,37,34,,,,,,
HI,2006,ccbackgroundnics,implemented,,,,,,,,,,22,28,25,20,22,26,21,16,26,27,31,33,33,39,23,29,37,34,,,,,,
HI,2006,ccrenewbackground,implemented,,,,,,,,,,22,28,25,20,22,26,21,16,26,27,31,33,33,39,23,29,37,34,,,,,,
HI,2006,statechecks,implemented,,,,,,,,,,22,28,25,20,22,26,21,16,26,27,31,33,33,39,23,29,37,34,,,,,,
HI,2006,statechecksh,implemented,,,,,,,,,,22,28,25,20,22,26,21,16,26,27,31,33,33,39,23,29,37,34,,,,,,
HI,2006,threedaylimit,implemented,,,,,,,,,,22,28,25,20,22,26,21,16,26,27,31,33,33,39,23,29,37,34,,,,,,
HI,2012,incidentremoval,implemented,,,,22,28,25,20,22,26,21,16,26,27,31,33,33,39,23,29,37,34,,,,,,,,,,,,
HI,2016,stalking,implemented,28,25,20,22,26,21,16,26,27,31,33,33,39,23,29,37,34,,,,,,,,,,,,,,,,
IA,2010,dvro,implemented,,,,,,160,157,157,157,178,155,170,149,133,180,160,168,185,175,221,194,193,228,,,,,,,,,,
IA,2010,dvrosurrender,implemented,,,,,,160,157,157,157,178,155,170,149,133,180,160,168,185,175,221,194,193,228,,,,,,,,,,
IA,2010,mcdv,implemented,,,,,,160,157,157,157,178,155,170,149,133,180,160,168,185,175,221,194,193,228,,,,,,,,,,
IA,2010,mcdvsurrender,implemented,,,,,,160,157,157,157,178,155,170,149,133,180,160,168,185,175,221,194,193,228,,,,,,,,,,
IA,2011,ccbackgroundnics,implemented,,,,,160,157,157,157,178,155,170,149,133,180,160,168,185,175,221,194,193,228,,,,,,,,,,,
IA,2011,ccrevoke,implemented,,,,,160,157,157,157,178,155,170,149,133,180,160,168,185,175,221,194,193,228,,,,,,,,,,,
IA,2011,mayissue,removal,,,,,160,157,157,157,178,155,170,149,133,180,160,168,185,175,221,194,193,228,,,,,,,,,,,
ID,2000,elementary,implemented,,,,,,,,,,,,,,,,125,107,136,137,137,151,160,145,147,149,176,182,167,176,200,182,215,215
ID,2008,preemptionbroad,removal,,,,,,,,125,107,136,137,137,151,160,145,147,149,176,182,167,176,200,182,215,215,,,,,,,,
ID,2008,preemptionnarrow,removal,,,,,,,,125,107,136,137,137,151,160,145,147,149,176,182,167,176,200,182,215,215,,,,,,,,
ID,2015,ccbackgroundnics,implemented,125,107,136,137,137,151,160,145,147,149,176,182,167,176,200,182,215,215,,,,,,,,,,,,,,,
ID,2016,ccbackground,removal,107,136,137,137,151,160,145,147,149,176,182,167,176,200,182,215,215,,,,,,,,,,,,,,,,
ID,2016,ccbackgroundnics,removal,107,136,137,137,151,160,145,147,149,176,182,167,176,200,182,215,215,,,,,,,,,,,,,,,,
ID,2016,ccrevoke,removal,107,136,137,137,151,160,145,147,149,176,182,167,176,200,182,215,215,,,,,,,,,,,,,,,,
ID,2016,permitconcealed,removal,107,136,137,137,151,160,145,147,149,176,182,167,176,200,182,215,215,,,,,,,,,,,,,,,,
IL,2000,cap14,implemented,,,,,,,,,,,,,,,,481,431,505,466,404,387,424,372,423,438,402,442,461,490,496,533,495,506
IL,2000,capuses,implemented,,,,,,,,,,,,,,,,481,431,505,466,404,387,424,372,423,438,402,442,461,490,496,533,495,506
IL,2000,traffickingprohibited,implemented,,,,,,,,,,,,,,,,481,431,505,466,404,387,424,372,423,438,402,442,461,490,496,533,495,506
IL,2000,traffickingprohibitedh,implemented,,,,,,,,,,,,,,,,481,431,505,466,404,387,424,372,423,438,402,442,461,490,496,533,495,506
IL,2005,gunshow,implemented,,,,,,,,,,,481,431,505,466,404,387,424,372,423,438,402,442,461,490,496,533,495,506,,,,,
IL,2005,gunshowh,implemented,,,,,,,,,,,481,431,505,466,404,387,424,372,423,438,402,442,461,490,496,533,495,506,,,,,
IL,2006,lockd,implemented,,,,,,,,,,481,431,505,466,404,387,424,372,423,438,402,442,461,490,496,533,495,506,,,,,,
IL,2010,exparte,implemented,,,,,,481,431,505,466,404,387,424,372,423,438,402,442,461,490,496,533,495,506,,,,,,,,,,
IL,2010,expartedating,implemented,,,,,,481,431,505,466,404,387,424,372,423,438,402,442,461,490,496,533,495,506,,,,,,,,,,
IL,2010,expartesurrender,implemented,,,,,,481,431,505,466,404,387,424,372,423,438,402,442,461,490,496,533,495,506,,,,,,,,,,
IL,2010,expartesurrenderdating,implemented,,,,,,481,431,505,466,404,387,424,372,423,438,402,442,461,490,496,533,495,506,,,,,,,,,,
IL,2010,expartesurrendernoconditions,implemented,,,,,,481,431,505,466,404,387,424,372,423,438,402,442,461,490,496,533,495,506,,,,,,,,,,
IL,2013,invoutpatient,implemented,,,481,431,505,466,404,387,424,372,423,438,402,442,461,490,496,533,495,506,,,,,,,,,,,,,
IL,2013,loststolen,implemented,,,481,431,505,466,404,387,424,372,423,438,402,442,461,490,496,533,495,506,,,,,,,,,,,,,
IL,2013,mayissue,removal,,,481,431,505,466,404,387,424,372,423,438,402,442,461,490,496,533,495,506,,,,,,,,,,,,,
IL,2013,mcdvsurrender,implemented,,,481,431,505,466,404,387,424,372,423,438,402,442,461,490,496,533,495,506,,,,,,,,,,,,,
IL,2013,mcdvsurrenderdating,implemented,,,481,431,505,466,404,387,424,372,423,438,402,442,461,490,496,533,495,506,,,,,,,,,,,,,
IL,2013,opencarryh,removal,,,481,431,505,466,404,387,424,372,423,438,402,442,461,490,496,533,495,506,,,,,,,,,,,,,
IL,2013,preemption,removal,,,481,431,505,466,404,387,424,372,423,438,402,442,461,490,496,533,495,506,,,,,,,,,,,,,
IL,2013,preemptionnarrow,removal,,,481,431,505,466,404,387,424,372,423,438,402,442,461,490,496,533,495,506,,,,,,,,,,,,,
IL,2013,relinquishment,implemented,,,481,431,505,466,404,387,424,372,423,438,402,442,461,490,496,533,495,506,,,,,,,,,,,,,
IL,2013,showing,removal,,,481,431,505,466,404,387,424,372,423,438,402,442,461,490,496,533,495,506,,,,,,,,,,,,,
IN,2001,immunity,removal,,,,,,,,,,,,,,,368,411,411,448,418,385,416,442,392,450,458,455,411,513,523,528,517,591,
IN,2003,mcdv,implemented,,,,,,,,,,,,,368,411,411,448,418,385,416,442,392,450,458,455,411,513,523,528,517,591,,,
IN,2006,gvrolawenforcement,implemented,,,,,,,,,,368,411,411,448,418,385,416,442,392,450,458,455,411,513,523,528,517,591,,,,,,
IN,2006,nosyg,removal,,,,,,,,,,368,411,411,448,418,385,416,442,392,450,458,455,411,513,523,528,517,591,,,,,,
IN,2014,traffickingprohibitedh,implemented,,368,411,411,448,418,385,416,442,392,450,458,455,411,513,523,528,517,591,,,,,,,,,,,,,,
IN,2016,mcdvdating,implemented,411,411,448,418,385,416,442,392,450,458,455,411,513,523,528,517,591,,,,,,,,,,,,,,,,
KS,2002,immunity,removal,,,,,,,,,,,,,,166,186,160,184,211,204,188,211,213,185,200,210,233,297,241,238,224,257,,
KS,2005,preemption,removal,,,,,,,,,,,166,186,160,184,211,204,188,211,213,185,200,210,233,297,241,238,224,257,,,,,
KS,2005,preemptionbroad,removal,,,,,,,,,,,166,186,160,184,211,204,188,211,213,185,200,210,233,297,241,238,224,257,,,,,
KS,2005,preemptionnarrow,removal,,,,,,,,,,,166,186,160,184,211,204,188,211,213,185,200,210,233,297,241,238,224,257,,,,,
KS,2006,alctreatment,implemented,,,,,,,,,,166,186,160,184,211,204,188,211,213,185,200,210,233,297,241,238,224,257,,,,,,
KS,2006,nosyg,removal,,,,,,,,,,166,186,160,184,211,204,188,211,213,185,200,210,233,297,241,238,224,257,,,,,,
KS,2007,ccbackgroundnics,removal,,,,,,,,,166,186,160,184,211,204,188,211,213,185,200,210,233,297,241,238,224,257,,,,,,,
KS,2007,ccrenewbackground,removal,,,,,,,,,166,186,160,184,211,204,188,211,213,185,200,210,233,297,241,238,224,257,,,,,,,
KS,2007,mayissue,removal,,,,,,,,,166,186,160,184,211,204,188,211,213,185,200,210,233,297,241,238,224,257,,,,,,,
KS,2007,showing,removal,,,,,,,,,166,186,160,184,211,204,188,211,213,185,200,210,233,297,241,238,224,257,,,,,,,
KS,2008,stalking,removal,,,,,,,,166,186,160,184,211,204,188,211,213,185,200,210,233,297,241,238,224,257,,,,,,,,
KS,2010,ccrenewbackground,implemented,,,,,,166,186,160,184,211,204,188,211,213,185,200,210,233,297,241,238,224,257,,,,,,,,,,
KS,2010,danger,implemented,,,,,,166,186,160,184,211,204,188,211,213,185,200,210,233,297,241,238,224,257,,,,,,,,,,
KS,2010,elementary,removal,,,,,,166,186,160,184,211,204,188,211,213,185,200,210,233,297,241,238,224,257,,,,,,,,,,
KS,2010,invcommitment,implemented,,,,,,166,186,160,184,211,204,188,211,213,185,200,210,233,297,241,238,224,257,,,,,,,,,,
KS,2015,ccbackground,removal,166,186,160,184,211,204,188,211,213,185,200,210,233,297,241,238,224,257,,,,,,,,,,,,,,,
KS,2015,ccrenewbackground,removal,166,186,160,184,211,204,188,211,213,185,200,210,233,297,241,238,224,257,,,,,,,,,,,,,,,
KS,2015,ccrevoke,removal,166,186,160,184,211,204,188,211,213,185,200,210,233,297,241,238,224,257,,,,,,,,,,,,,,,
KS,2015,permitconcealed,removal,166,186,160,184,211,204,188,211,213,185,200,210,233,297,241,238,224,257,,,,,,,,,,,,,,,
KY,2006,ccbackgroundnics,implemented,,,,,,,,,,334,373,331,364,400,377,373,383,422,394,403,404,453,469,453,470,499,495,,,,,,
KY,2006,ccrenewbackground,implemented,,,,,,,,,,334,373,331,364,400,377,373,383,422,394,403,404,453,469,453,470,499,495,,,,,,
KY,2006,nosyg,removal,,,,,,,,,,334,373,331,364,400,377,373,383,422,394,403,404,453,469,453,470,499,495,,,,,,
LO,2006,nosyg,removal,,,,,,,,,,380,321,345,349,316,371,339,322,328,345,325,377,377,375,408,444,468,440,,,,,,
LO,2014,ccbackgroundnics,implemented,,380,321,345,349,316,371,339,322,328,345,325,377,377,375,408,444,468,440,,,,,,,,,,,,,,
LO,2014,dvro,implemented,,380,321,345,349,316,371,339,322,328,345,325,377,377,375,408,444,468,440,,,,,,,,,,,,,,
LO,2014,dvrodating,implemented,,380,321,345,349,316,371,339,322,328,345,325,377,377,375,408,444,468,440,,,,,,,,,,,,,,
LO,2014,mcdv,implemented,,380,321,345,349,316,371,339,322,328,345,325,377,377,375,408,444,468,440,,,,,,,,,,,,,,
MD,2000,lockd,implemented,,,,,,,,,,,,,,,,239,240,217,229,236,244,217,238,230,259,252,222,238,269,257,275,241,247
MD,2000,microstamp,implemented,,,,,,,,,,,,,,,,239,240,217,229,236,244,217,238,230,259,252,222,238,269,257,275,241,247
MD,2000,personalized,implemented,,,,,,,,,,,,,,,,239,240,217,229,236,244,217,238,230,259,252,222,238,269,257,275,241,247
MD,2002,training,implemented,,,,,,,,,,,,,,239,240,217,229,236,244,217,238,230,259,252,222,238,269,257,275,241,247,,
MD,2003,defactoregh,implemented,,,,,,,,,,,,,239,240,217,229,236,244,217,238,230,259,252,222,238,269,257,275,241,247,,,
MD,2003,strawpurchaseh,implemented,,,,,,,,,,,,,239,240,217,229,236,244,217,238,230,259,252,222,238,269,257,275,241,247,,,
MD,2009,dvrosurrender,implemented,,,,,,,239,240,217,229,236,244,217,238,230,259,252,222,238,269,257,275,241,247,,,,,,,,,
MD,2009,dvrosurrendernoconditions,implemented,,,,,,,239,240,217,229,236,244,217,238,230,259,252,222,238,269,257,275,241,247,,,,,,,,,
MD,2011,violent,implemented,,,,,239,240,217,229,236,244,217,238,230,259,252,222,238,269,257,275,241,247,,,,,,,,,,,
MD,2013,ammrestrict,implemented,,,239,240,217,229,236,244,217,238,230,259,252,222,238,269,257,275,241,247,,,,,,,,,,,,,
MD,2013,assault,implemented,,,239,240,217,229,236,244,217,238,230,259,252,222,238,269,257,275,241,247,,,,,,,,,,,,,
MD,2013,assaultlist,implemented,,,239,240,217,229,236,244,217,238,230,259,252,222,238,269,257,275,241,247,,,,,,,,,,,,,
MD,2013,assaulttransfer,implemented,,,239,240,217,229,236,244,217,238,230,259,252,222,238,269,257,275,241,247,,,,,,,,,,,,,
MD,2013,fingerprint,implemented,,,239,240,217,229,236,244,217,238,230,259,252,222,238,269,257,275,241,247,,,,,,,,,,,,,
MD,2013,tenroundlimit,implemented,,,239,240,217,229,236,244,217,238,230,259,252,222,238,269,257,275,241,247,,,,,,,,,,,,,
MD,2015,dvrodating,implemented,239,240,217,229,236,244,217,238,230,259,252,222,238,269,257,275,241,247,,,,,,,,,,,,,,,
MD,2015,dvrosurrenderdating,implemented,239,240,217,229,236,244,217,238,230,259,252,222,238,269,257,275,241,247,,,,,,,,,,,,,,,
MD,2015,microstamp,removal,239,240,217,229,236,244,217,238,230,259,252,222,238,269,257,275,241,247,,,,,,,,,,,,,,,
ME,2008,danger,implemented,,,,,,,,87,98,86,72,66,97,100,87,90,103,106,95,113,112,137,116,124,107,,,,,,,,
ME,2008,invcommitment,implemented,,,,,,,,87,98,86,72,66,97,100,87,90,103,106,95,113,112,137,116,124,107,,,,,,,,
ME,2015,ccrevoke,removal,87,98,86,72,66,97,100,87,90,103,106,95,113,112,137,116,124,107,,,,,,,,,,,,,,,
ME,2015,mcdv,implemented,87,98,86,72,66,97,100,87,90,103,106,95,113,112,137,116,124,107,,,,,,,,,,,,,,,
ME,2015,mcdvdating,implemented,87,98,86,72,66,97,100,87,90,103,106,95,113,112,137,116,124,107,,,,,,,,,,,,,,,
ME,2015,permitconcealed,removal,87,98,86,72,66,97,100,87,90,103,106,95,113,112,137,116,124,107,,,,,,,,,,,,,,,
MI,2000,immunity,removal,,,,,,,,,,,,,,,,542,531,542,578,523,532,554,598,558,570,575,601,619,623,674,671,692,717
MI,2000,lockd,implemented,,,,,,,,,,,,,,,,542,531,542,578,523,532,554,598,558,570,575,601,619,623,674,671,692,717
MI,2001,ccbackgroundnics,removal,,,,,,,,,,,,,,,542,531,542,578,523,532,554,598,558,570,575,601,619,623,674,671,692,717,
MI,2001,elementary,implemented,,,,,,,,,,,,,,,542,531,542,578,523,532,554,598,558,570,575,601,619,623,674,671,692,717,
MI,2001,mayissue,removal,,,,,,,,,,,,,,,542,531,542,578,523,532,554,598,558,570,575,601,619,623,674,671,692,717,
MI,2001,showing,removal,,,,,,,,,,,,,,,542,531,542,578,523,532,554,598,558,570,575,601,619,623,674,671,692,717,
MI,2006,nosyg,removal,,,,,,,,,,542,531,542,578,523,532,554,598,558,570,575,601,619,623,674,671,692,717,,,,,,
MI,2012,permith,removal,,,,542,531,542,578,523,532,554,598,558,570,575,601,619,623,674,671,692,717,,,,,,,,,,,,
MI,2012,permitlaw,removal,,,,542,531,542,578,523,532,554,598,558,570,575,601,619,623,674,671,692,717,,,,,,,,,,,,
MI,2012,training,removal,,,,542,531,542,578,523,532,554,598,558,570,575,601,619,623,674,671,692,717,,,,,,,,,,,,
MI,2015,ccbackgroundnics,implemented,542,531,542,578,523,532,554,598,558,570,575,601,619,623,674,671,692,717,,,,,,,,,,,,,,,
MN,2003,ccbackgroundnics,implemented,,,,,,,,,,,,,228,223,242,238,244,268,255,243,265,289,281,280,322,310,339,308,304,332,,,
MN,2003,mayissue,removal,,,,,,,,,,,,,228,223,242,238,244,268,255,243,265,289,281,280,322,310,339,308,304,332,,,
MN,2003,showing,removal,,,,,,,,,,,,,228,223,242,238,244,268,255,243,265,289,281,280,322,310,339,308,304,332,,,
MN,2014,dvro,implemented,,228,223,242,238,244,268,255,243,265,289,281,280,322,310,339,308,304,332,,,,,,,,,,,,,,
MN,2014,dvrodating,implemented,,228,223,242,238,244,268,255,243,265,289,281,280,322,310,339,308,304,332,,,,,,,,,,,,,,
MN,2014,dvroremoval,implemented,,228,223,242,238,244,268,255,243,265,289,281,280,322,310,339,308,304,332,,,,,,,,,,,,,,
MN,2014,dvrosurrender,implemented,,228,223,242,238,244,268,255,243,265,289,281,280,322,310,339,308,304,332,,,,,,,,,,,,,,
MN,2014,dvrosurrenderdating,implemented,,228,223,242,238,244,268,255,243,265,289,281,280,322,310,339,308,304,332,,,,,,,,,,,,,,
MN,2014,dvrosurrendernoconditions,implemented,,228,223,242,238,244,268,255,243,265,289,281,280,322,310,339,308,304,332,,,,,,,,,,,,,,
MN,2014,mcdvremovalallowed,implemented,,228,223,242,238,244,268,255,243,265,289,281,280,322,310,339,308,304,332,,,,,,,,,,,,,,
MN,2014,mcdvremovalrequired,implemented,,228,223,242,238,244,268,255,243,265,289,281,280,322,310,339,308,304,332,,,,,,,,,,,,,,
MN,2015,traffickingprohibited,implemented,228,223,242,238,244,268,255,243,265,289,281,280,322,310,339,308,304,332,,,,,,,,,,,,,,,
MN,2015,traffickingprohibitedh,implemented,228,223,242,238,244,268,255,243,265,289,281,280,322,310,339,308,304,332,,,,,,,,,,,,,,,
MO,2003,ccbackground,removal,,,,,,,,,,,,,426,434,427,423,411,389,427,444,452,421,471,489,513,546,556,588,605,650,,,
MO,2003,ccbackgroundnics,removal,,,,,,,,,,,,,426,434,427,423,411,389,427,444,452,421,471,489,513,546,556,588,605,650,,,
MO,2003,immunity,removal,,,,,,,,,,,,,426,434,427,423,411,389,427,444,452,421,471,489,513,546,556,588,605,650,,,
MO,2003,mayissue,removal,,,,,,,,,,,,,426,434,427,423,411,389,427,444,452,421,471,489,513,546,556,588,605,650,,,
MO,2003,showing,removal,,,,,,,,,,,,,426,434,427,423,411,389,427,444,452,421,471,489,513,546,556,588,605,650,,,
MO,2007,age21handgunsale,removal,,,,,,,,,426,434,427,423,411,389,427,444,452,421,471,489,513,546,556,588,605,650,,,,,,,
MO,2007,backgroundpurge,removal,,,,,,,,,426,434,427,423,411,389,427,444,452,421,471,489,513,546,556,588,605,650,,,,,,,
MO,2007,permith,removal,,,,,,,,,426,434,427,423,411,389,427,444,452,421,471,489,513,546,556,588,605,650,,,,,,,
MO,2007,permitlaw,removal,,,,,,,,,426,434,427,423,411,389,427,444,452,421,471,489,513,546,556,588,605,650,,,,,,,
MO,2007,threedaylimit,removal,,,,,,,,,426,434,427,423,411,389,427,444,452,421,471,489,513,546,556,588,605,650,,,,,,,
MO,2007,universalpermith,removal,,,,,,,,,426,434,427,423,411,389,427,444,452,421,471,489,513,546,556,588,605,650,,,,,,,
MO,2008,ccbackground,implemented,,,,,,,,426,434,427,423,411,389,427,444,452,421,471,489,513,546,556,588,605,650,,,,,,,,
MO,2008,felony,implemented,,,,,,,,426,434,427,423,411,389,427,444,452,421,471,489,513,546,556,588,605,650,,,,,,,,
MO,2014,ccbackgroundnics,implemented,,426,434,427,423,411,389,427,444,452,421,471,489,513,546,556,588,605,650,,,,,,,,,,,,,,
MO,2014,elementary,removal,,426,434,427,423,411,389,427,444,452,421,471,489,513,546,556,588,605,650,,,,,,,,,,,,,,
MO,2016,nosyg,removal,434,427,423,411,389,427,444,452,421,471,489,513,546,556,588,605,650,,,,,,,,,,,,,,,,
MS,2003,immunity,removal,,,,,,,,,,,,,244,220,239,254,247,245,251,219,279,286,269,256,268,296,279,251,292,268,,,
MS,2006,nosyg,removal,,,,,,,,,,244,220,239,254,247,245,251,219,279,286,269,256,268,296,279,251,292,268,,,,,,
MS,2011,collegeconcealed,removal,,,,,244,220,239,254,247,245,251,219,279,286,269,256,268,296,279,251,292,268,,,,,,,,,,,
MS,2011,elementary,removal,,,,,244,220,239,254,247,245,251,219,279,286,269,256,268,296,279,251,292,268,,,,,,,,,,,
MS,2013,opencarrypermith,removal,,,244,220,239,254,247,245,251,219,279,286,269,256,268,296,279,251,292,268,,,,,,,,,,,,,
MS,2015,ccbackground,removal,244,220,239,254,247,245,251,219,279,286,269,256,268,296,279,251,292,268,,,,,,,,,,,,,,,
MS,2015,ccrevoke,removal,244,220,239,254,247,245,251,219,279,286,269,256,268,296,279,251,292,268,,,,,,,,,,,,,,,
MS,2015,permitconcealed,removal,244,220,239,254,247,245,251,219,279,286,269,256,268,296,279,251,292,268,,,,,,,,,,,,,,,
MT,2009,nosyg,removal,,,,,,,92,105,133,115,120,105,135,102,120,132,136,141,152,153,147,149,174,162,,,,,,,,,
NC,2002,immunity,removal,,,,,,,,,,,,,,567,621,632,630,619,608,632,660,607,669,678,707,728,709,771,760,787,788,,
NC,2003,dvro,implemented,,,,,,,,,,,,,567,621,632,630,619,608,632,660,607,669,678,707,728,709,771,760,787,788,,,
NC,2003,dvrodating,implemented,,,,,,,,,,,,,567,621,632,630,619,608,632,660,607,669,678,707,728,709,771,760,787,788,,,
NC,2003,dvrosurrender,implemented,,,,,,,,,,,,,567,621,632,630,619,608,632,660,607,669,678,707,728,709,771,760,787,788,,,
NC,2003,dvrosurrenderdating,implemented,,,,,,,,,,,,,567,621,632,630,619,608,632,660,607,669,678,707,728,709,771,760,787,788,,,
NC,2003,dvrosurrendernoconditions,implemented,,,,,,,,,,,,,567,621,632,630,619,608,632,660,607,669,678,707,728,709,771,760,787,788,,,
NC,2003,exparte,implemented,,,,,,,,,,,,,567,621,632,630,619,608,632,660,607,669,678,707,728,709,771,760,787,788,,,
NC,2003,expartedating,implemented,,,,,,,,,,,,,567,621,632,630,619,608,632,660,607,669,678,707,728,709,771,760,787,788,,,
NC,2003,expartesurrender,implemented,,,,,,,,,,,,,567,621,632,630,619,608,632,660,607,669,678,707,728,709,771,760,787,788,,,
NC,2003,expartesurrenderdating,implemented,,,,,,,,,,,,,567,621,632,630,619,608,632,660,607,669,678,707,728,709,771,760,787,788,,,
NC,2003,expartesurrendernoconditions,implemented,,,,,,,,,,,,,567,621,632,630,619,608,632,660,607,669,678,707,728,709,771,760,787,788,,,
NC,2006,ccbackgroundnics,implemented,,,,,,,,,,567,621,632,630,619,608,632,660,607,669,678,707,728,709,771,760,787,788,,,,,,
NC,2011,nosyg,removal,,,,,567,621,632,630,619,608,632,660,607,669,678,707,728,709,771,760,787,788,,,,,,,,,,,
NC,2013,ccrevoke,implemented,,,567,621,632,630,619,608,632,660,607,669,678,707,728,709,771,760,787,788,,,,,,,,,,,,,
ND,2001,immunity,removal,,,,,,,,,,,,,,,39,28,33,53,41,41,56,41,49,55,45,47,51,63,76,85,76,75,
ND,2011,alctreatment,implemented,,,,,39,28,33,53,41,41,56,41,49,55,45,47,51,63,76,85,76,75,,,,,,,,,,,
ND,2013,ccbackgroundnics,implemented,,,39,28,33,53,41,41,56,41,49,55,45,47,51,63,76,85,76,75,,,,,,,,,,,,,
NE,2004,incidentremoval,implemented,,,,,,,,,,,,105,113,103,100,89,82,98,99,88,94,85,101,108,109,102,125,114,116,,,,
NE,2007,mayissue,removal,,,,,,,,,105,113,103,100,89,82,98,99,88,94,85,101,108,109,102,125,114,116,,,,,,,
NE,2007,showing,removal,,,,,,,,,105,113,103,100,89,82,98,99,88,94,85,101,108,109,102,125,114,116,,,,,,,
NE,2009,mcdv,implemented,,,,,,,105,113,103,100,89,82,98,99,88,94,85,101,108,109,102,125,114,116,,,,,,,,,
NE,2009,mcdvdating,implemented,,,,,,,105,113,103,100,89,82,98,99,88,94,85,101,108,109,102,125,114,116,,,,,,,,,
NE,2009,preemption,removal,,,,,,,105,113,103,100,89,82,98,99,88,94,85,101,108,109,102,125,114,116,,,,,,,,,
NH,2000,cap14,implemented,,,,,,,,,,,,,,,,49,67,71,57,75,57,79,69,71,85,82,102,75,98,81,110,107,123
NH,2000,cap16,implemented,,,,,,,,,,,,,,,,49,67,71,57,75,57,79,69,71,85,82,102,75,98,81,110,107,123
NH,2000,capuses,implemented,,,,,,,,,,,,,,,,49,67,71,57,75,57,79,69,71,85,82,102,75,98,81,110,107,123
NH,2000,dvro,implemented,,,,,,,,,,,,,,,,49,67,71,57,75,57,79,69,71,85,82,102,75,98,81,110,107,123
NH,2000,dvrodating,implemented,,,,,,,,,,,,,,,,49,67,71,57,75,57,79,69,71,85,82,102,75,98,81,110,107,123
NH,2000,dvrosurrender,implemented,,,,,,,,,,,,,,,,49,67,71,57,75,57,79,69,71,85,82,102,75,98,81,110,107,123
NH,2000,dvrosurrenderdating,implemented,,,,,,,,,,,,,,,,49,67,71,57,75,57,79,69,71,85,82,102,75,98,81,110,107,123
NH,2000,dvrosurrendernoconditions,implemented,,,,,,,,,,,,,,,,49,67,71,57,75,57,79,69,71,85,82,102,75,98,81,110,107,123
NH,2003,preemption,removal,,,,,,,,,,,,,49,67,71,57,75,57,79,69,71,85,82,102,75,98,81,110,107,123,,,
NH,2003,preemptionbroad,removal,,,,,,,,,,,,,49,67,71,57,75,57,79,69,71,85,82,102,75,98,81,110,107,123,,,
NH,2003,preemptionnarrow,removal,,,,,,,,,,,,,49,67,71,57,75,57,79,69,71,85,82,102,75,98,81,110,107,123,,,
NH,2004,immunity,removal,,,,,,,,,,,,49,67,71,57,75,57,79,69,71,85,82,102,75,98,81,110,107,123,,,,
NH,2011,nosyg,removal,,,,,49,67,71,57,75,57,79,69,71,85,82,102,75,98,81,110,107,123,,,,,,,,,,,
NJ,2000,lockd,implemented,,,,,,,,,,,,,,,,195,154,167,176,183,185,136,173,165,167,173,181,181,156,194,189,180,169
NJ,2000,lockp,implemented,,,,,,,,,,,,,,,,195,154,167,176,183,185,136,173,165,167,173,181,181,156,194,189,180,169
NJ,2001,age21handgunpossess,implemented,,,,,,,,,,,,,,,195,154,167,176,183,185,136,173,165,167,173,181,181,156,194,189,180,169,
NJ,2001,age21handgunsale,implemented,,,,,,,,,,,,,,,195,154,167,176,183,185,136,173,165,167,173,181,181,156,194,189,180,169,
NJ,2002,personalized,implemented,,,,,,,,,,,,,,195,154,167,176,183,185,136,173,165,167,173,181,181,156,194,189,180,169,,
NJ,2004,dvro,implemented,,,,,,,,,,,,195,154,167,176,183,185,136,173,165,167,173,181,181,156,194,189,180,169,,,,
NJ,2004,dvrodating,implemented,,,,,,,,,,,,195,154,167,176,183,185,136,173,165,167,173,181,181,156,194,189,180,169,,,,
NJ,2004,incidentall,implemented,,,,,,,,,,,,195,154,167,176,183,185,136,173,165,167,173,181,181,156,194,189,180,169,,,,
NJ,2004,incidentremoval,implemented,,,,,,,,,,,,195,154,167,176,183,185,136,173,165,167,173,181,181,156,194,189,180,169,,,,
NJ,2004,mcdv,implemented,,,,,,,,,,,,195,154,167,176,183,185,136,173,165,167,173,181,181,156,194,189,180,169,,,,
NJ,2004,mcdvdating,implemented,,,,,,,,,,,,195,154,167,176,183,185,136,173,165,167,173,181,181,156,194,189,180,169,,,,
NJ,2008,amm21h,implemented,,,,,,,,195,154,167,176,183,185,136,173,165,167,173,181,181,156,194,189,180,169,,,,,,,,
NJ,2008,ammrestrict,implemented,,,,,,,,195,154,167,176,183,185,136,173,165,167,173,181,181,156,194,189,180,169,,,,,,,,
NJ,2008,loststolen,implemented,,,,,,,,195,154,167,176,183,185,136,173,165,167,173,181,181,156,194,189,180,169,,,,,,,,
NJ,2010,onepermonth,implemented,,,,,,195,154,167,176,183,185,136,173,165,167,173,181,181,156,194,189,180,169,,,,,,,,,,
NM,2001,ccbackground,removal,,,,,,,,,,,,,,,180,175,188,211,211,196,178,193,189,195,192,204,221,230,222,244,275,243,
NM,2001,ccbackgroundnics,removal,,,,,,,,,,,,,,,180,175,188,211,211,196,178,193,189,195,192,204,221,230,222,244,275,243,
NM,2001,ccrenewbackground,removal,,,,,,,,,,,,,,,180,175,188,211,211,196,178,193,189,195,192,204,221,230,222,244,275,243,
NM,2001,ccrevoke,removal,,,,,,,,,,,,,,,180,175,188,211,211,196,178,193,189,195,192,204,221,230,222,244,275,243,
NM,2001,mayissue,removal,,,,,,,,,,,,,,,180,175,188,211,211,196,178,193,189,195,192,204,221,230,222,244,275,243,
NM,2001,showing,removal,,,,,,,,,,,,,,,180,175,188,211,211,196,178,193,189,195,192,204,221,230,222,244,275,243,
NM,2003,college,implemented,,,,,,,,,,,,,180,175,188,211,211,196,178,193,189,195,192,204,221,230,222,244,275,243,,,
NM,2003,collegeconcealed,implemented,,,,,,,,,,,,,180,175,188,211,211,196,178,193,189,195,192,204,221,230,222,244,275,243,,,
NM,2004,ccbackground,implemented,,,,,,,,,,,,180,175,188,211,211,196,178,193,189,195,192,204,221,230,222,244,275,243,,,,
NM,2004,ccrenewbackground,implemented,,,,,,,,,,,,180,175,188,211,211,196,178,193,189,195,192,204,221,230,222,244,275,243,,,,
NM,2004,ccrevoke,implemented,,,,,,,,,,,,180,175,188,211,211,196,178,193,189,195,192,204,221,230,222,244,275,243,,,,
NV,2003,ammrestrict,implemented,,,,,,,,,,,,,259,241,219,245,247,249,262,255,270,291,295,289,272,274,292,309,293,334,,,
NV,2003,invcommitment,implemented,,,,,,,,,,,,,259,241,219,245,247,249,262,255,270,291,295,289,272,274,292,309,293,334,,,
NV,2003,invoutpatient,implemented,,,,,,,,,,,,,259,241,219,245,247,249,262,255,270,291,295,289,272,274,292,309,293,334,,,
NV,2011,ccbackgroundnics,implemented,,,,,259,241,219,245,247,249,262,255,270,291,295,289,272,274,292,309,293,334,,,,,,,,,,,
NV,2011,ccrenewbackground,implemented,,,,,259,241,219,245,247,249,262,255,270,291,295,289,272,274,292,309,293,334,,,,,,,,,,,
NV,2011,nosyg,removal,,,,,259,241,219,245,247,249,262,255,270,291,295,289,272,274,292,309,293,334,,,,,,,,,,,
NV,2015,danger,implemented,259,241,219,245,247,249,262,255,270,291,295,289,272,274,292,309,293,334,,,,,,,,,,,,,,,
NV,2015,drugmisdemeanor,implemented,259,241,219,245,247,249,262,255,270,291,295,289,272,274,292,309,293,334,,,,,,,,,,,,,,,
NV,2015,dvro,implemented,259,241,219,245,247,249,262,255,270,291,295,289,272,274,292,309,293,334,,,,,,,,,,,,,,,
NV,2015,mcdv,implemented,259,241,219,245,247,249,262,255,270,291,295,289,272,274,292,309,293,334,,,,,,,,,,,,,,,
NY,2000,age21handgunpossess,implemented,,,,,,,,,,,,,,,,432,450,453,408,412,401,456,412,434,429,422,459,505,516,465,474,421,490
NY,2000,age21handgunsale,implemented,,,,,,,,,,,,,,,,432,450,453,408,412,401,456,412,434,429,422,459,505,516,465,474,421,490
NY,2000,amm21h,implemented,,,,,,,,,,,,,,,,432,450,453,408,412,401,456,412,434,429,422,459,505,516,465,474,421,490
NY,2000,assault,implemented,,,,,,,,,,,,,,,,432,450,453,408,412,401,456,412,434,429,422,459,505,516,465,474,421,490
NY,2000,assaultlist,implemented,,,,,,,,,,,,,,,,432,450,453,408,412,401,456,412,434,429,422,459,505,516,465,474,421,490
NY,2000,backgroundpurge,implemented,,,,,,,,,,,,,,,,432,450,453,408,412,401,456,412,434,429,422,459,505,516,465,474,421,490
NY,2000,gunshow,implemented,,,,,,,,,,,,,,,,432,450,453,408,412,401,456,412,434,429,422,459,505,516,465,474,421,490
NY,2000,gunshowh,implemented,,,,,,,,,,,,,,,,432,450,453,408,412,401,456,412,434,429,422,459,505,516,465,474,421,490
NY,2000,lockd,implemented,,,,,,,,,,,,,,,,432,450,453,408,412,401,456,412,434,429,422,459,505,516,465,474,421,490
NY,2000,lockstandards,implemented,,,,,,,,,,,,,,,,432,450,453,408,412,401,456,412,434,429,422,459,505,516,465,474,421,490
NY,2000,loststolen,implemented,,,,,,,,,,,,,,,,432,450,453,408,412,401,456,412,434,429,422,459,505,516,465,474,421,490
NY,2000,magazine,implemented,,,,,,,,,,,,,,,,432,450,453,408,412,401,456,412,434,429,422,459,505,516,465,474,421,490
NY,2000,mentalhealth,implemented,,,,,,,,,,,,,,,,432,450,453,408,412,401,456,412,434,429,422,459,505,516,465,474,421,490
NY,2000,personalized,implemented,,,,,,,,,,,,,,,,432,450,453,408,412,401,456,412,434,429,422,459,505,516,465,474,421,490
NY,2000,tenroundlimit,implemented,,,,,,,,,,,,,,,,432,450,453,408,412,401,456,412,434,429,422,459,505,516,465,474,421,490
NY,2000,traffickingprohibited,implemented,,,,,,,,,,,,,,,,432,450,453,408,412,401,456,412,434,429,422,459,505,516,465,474,421,490
NY,2000,traffickingprohibitedh,implemented,,,,,,,,,,,,,,,,432,450,453,408,412,401,456,412,434,429,422,459,505,516,465,474,421,490
NY,2001,microstamp,implemented,,,,,,,,,,,,,,,432,450,453,408,412,401,456,412,434,429,422,459,505,516,465,474,421,490,
NY,2002,personalized,removal,,,,,,,,,,,,,,432,450,453,408,412,401,456,412,434,429,422,459,505,516,465,474,421,490,,
NY,2008,dvrodating,implemented,,,,,,,,432,450,453,408,412,401,456,412,434,429,422,459,505,516,465,474,421,490,,,,,,,,
NY,2008,dvrosurrenderdating,implemented,,,,,,,,432,450,453,408,412,401,456,412,434,429,422,459,505,516,465,474,421,490,,,,,,,,
NY,2008,expartedating,implemented,,,,,,,,432,450,453,408,412,401,456,412,434,429,422,459,505,516,465,474,421,490,,,,,,,,
NY,2008,expartesurrenderdating,implemented,,,,,,,,432,450,453,408,412,401,456,412,434,429,422,459,505,516,465,474,421,490,,,,,,,,
NY,2012,microstamp,removal,,,,432,450,453,408,412,401,456,412,434,429,422,459,505,516,465,474,421,490,,,,,,,,,,,,
NY,2013,assaultregister,implemented,,,432,450,453,408,412,401,456,412,434,429,422,459,505,516,465,474,421,490,,,,,,,,,,,,,
NY,2013,assaulttransfer,implemented,,,432,450,453,408,412,401,456,412,434,429,422,459,505,516,465,474,421,490,,,,,,,,,,,,,
NY,2013,magazinepreowned,implemented,,,432,450,453,408,412,401,456,412,434,429,422,459,505,516,465,474,421,490,,,,,,,,,,,,,
NY,2013,onefeature,implemented,,,432,450,453,408,412,401,456,412,434,429,422,459,505,516,465,474,421,490,,,,,,,,,,,,,
NY,2013,recordsallh,implemented,,,432,450,453,408,412,401,456,412,434,429,422,459,505,516,465,474,421,490,,,,,,,,,,,,,
NY,2013,relinquishment,implemented,,,432,450,453,408,412,401,456,412,434,429,422,459,505,516,465,474,421,490,,,,,,,,,,,,,
NY,2013,universal,implemented,,,432,450,453,408,412,401,456,412,434,429,422,459,505,516,465,474,421,490,,,,,,,,,,,,,
NY,2013,universalh,implemented,,,432,450,453,408,412,401,456,412,434,429,422,459,505,516,465,474,421,490,,,,,,,,,,,,,
NY,2013,universalpermit,implemented,,,432,450,453,408,412,401,456,412,434,429,422,459,505,516,465,474,421,490,,,,,,,,,,,,,
NY,2014,mcdvsurrender,implemented,,432,450,453,408,412,401,456,412,434,429,422,459,505,516,465,474,421,490,,,,,,,,,,,,,,
NY,2014,mcdvsurrenderdating,implemented,,432,450,453,408,412,401,456,412,434,429,422,459,505,516,465,474,421,490,,,,,,,,,,,,,,
NY,2014,mcdvsurrendernoconditions,implemented,,432,450,453,408,412,401,456,412,434,429,422,459,505,516,465,474,421,490,,,,,,,,,,,,,,
OH,2001,immunity,removal,,,,,,,,,,,,,,,626,584,671,675,572,657,668,626,659,684,590,724,726,784,800,744,861,926,
OH,2004,ccbackgroundnics,removal,,,,,,,,,,,,626,584,671,675,572,657,668,626,659,684,590,724,726,784,800,744,861,926,,,,
OH,2004,danger,implemented,,,,,,,,,,,,626,584,671,675,572,657,668,626,659,684,590,724,726,784,800,744,861,926,,,,
OH,2004,invcommitment,implemented,,,,,,,,,,,,626,584,671,675,572,657,668,626,659,684,590,724,726,784,800,744,861,926,,,,
OH,2004,mayissue,removal,,,,,,,,,,,,626,584,671,675,572,657,668,626,659,684,590,724,726,784,800,744,861,926,,,,
OH,2004,preemption,removal,,,,,,,,,,,,626,584,671,675,572,657,668,626,659,684,590,724,726,784,800,744,861,926,,,,
OH,2004,showing,removal,,,,,,,,,,,,626,584,671,675,572,657,668,626,659,684,590,724,726,784,800,744,861,926,,,,
OH,2007,preemptionbroad,removal,,,,,,,,,626,584,671,675,572,657,668,626,659,684,590,724,726,784,800,744,861,926,,,,,,,
OH,2007,preemptionnarrow,removal,,,,,,,,,626,584,671,675,572,657,668,626,659,684,590,724,726,784,800,744,861,926,,,,,,,
OH,2011,drugmisdemeanor,removal,,,,,626,584,671,675,572,657,668,626,659,684,590,724,726,784,800,744,861,926,,,,,,,,,,,
OH,2015,ccbackgroundnics,implemented,626,584,671,675,572,657,668,626,659,684,590,724,726,784,800,744,861,926,,,,,,,,,,,,,,,
OK,2006,nosyg,removal,,,,,,,,,,310,301,324,312,281,312,302,314,315,346,363,376,440,411,433,435,468,517,,,,,,
OK,2012,opencarrypermith,implemented,,,,310,301,324,312,281,312,302,314,315,346,363,376,440,411,433,435,468,517,,,,,,,,,,,,
OK,2013,elementary,removal,,,310,301,324,312,281,312,302,314,315,346,363,376,440,411,433,435,468,517,,,,,,,,,,,,,
OR,2000,backgroundpurge,implemented,,,,,,,,,,,,,,,,309,302,280,286,331,299,319,307,327,319,345,376,343,367,389,422,373,414
OR,2000,gunshow,implemented,,,,,,,,,,,,,,,,309,302,280,286,331,299,319,307,327,319,345,376,343,367,389,422,373,414
OR,2000,gunshowh,implemented,,,,,,,,,,,,,,,,309,302,280,286,331,299,319,307,327,319,345,376,343,367,389,422,373,414
OR,2000,mentalhealth,implemented,,,,,,,,,,,,,,,,309,302,280,286,331,299,319,307,327,319,345,376,343,367,389,422,373,414
OR,2000,recordsdealer,implemented,,,,,,,,,,,,,,,,309,302,280,286,331,299,319,307,327,319,345,376,343,367,389,422,373,414
OR,2000,reportdealer,implemented,,,,,,,,,,,,,,,,309,302,280,286,331,299,319,307,327,319,345,376,343,367,389,422,373,414
OR,2000,statechecks,implemented,,,,,,,,,,,,,,,,309,302,280,286,331,299,319,307,327,319,345,376,343,367,389,422,373,414
OR,2000,statechecksh,implemented,,,,,,,,,,,,,,,,309,302,280,286,331,299,319,307,327,319,345,376,343,367,389,422,373,414
OR,2015,invoutpatient,implemented,309,302,280,286,331,299,319,307,327,319,345,376,343,367,389,422,373,414,,,,,,,,,,,,,,,
OR,2015,recordsall,implemented,309,302,280,286,331,299,319,307,327,319,345,376,343,367,389,422,373,414,,,,,,,,,,,,,,,
OR,2015,recordsallh,implemented,309,302,280,286,331,299,319,307,327,319,345,376,343,367,389,422,373,414,,,,,,,,,,,,,,,
OR,2015,reportall,implemented,309,302,280,286,331,299,319,307,327,319,345,376,343,367,389,422,373,414,,,,,,,,,,,,,,,
OR,2015,reportallh,implemented,309,302,280,286,331,299,319,307,327,319,345,376,343,367,389,422,373,414,,,,,,,,,,,,,,,
OR,2015,universal,implemented,309,302,280,286,331,299,319,307,327,319,345,376,343,367,389,422,373,414,,,,,,,,,,,,,,,
OR,2015,universalh,implemented,309,302,280,286,331,299,319,307,327,319,345,376,343,367,389,422,373,414,,,,,,,,,,,,,,,
OR,2015,universalpermit,implemented,309,302,280,286,331,299,319,307,327,319,345,376,343,367,389,422,373,414,,,,,,,,,,,,,,,
OR,2015,universalpermith,implemented,309,302,280,286,331,299,319,307,327,319,345,376,343,367,389,422,373,414,,,,,,,,,,,,,,,
OR,2016,dvro,implemented,302,280,286,331,299,319,307,327,319,345,376,343,367,389,422,373,414,,,,,,,,,,,,,,,,
OR,2016,mcdv,implemented,302,280,286,331,299,319,307,327,319,345,376,343,367,389,422,373,414,,,,,,,,,,,,,,,,
PA,2000,lockd,implemented,,,,,,,,,,,,,,,,709,756,684,720,724,722,768,734,719,770,825,762,883,819,918,897,932,976
PA,2006,mcdv,implemented,,,,,,,,,,709,756,684,720,724,722,768,734,719,770,825,762,883,819,918,897,932,976,,,,,,
PA,2006,mcdvsurrender,implemented,,,,,,,,,,709,756,684,720,724,722,768,734,719,770,825,762,883,819,918,897,932,976,,,,,,
PA,2006,mcdvsurrendernoconditions,implemented,,,,,,,,,,709,756,684,720,724,722,768,734,719,770,825,762,883,819,918,897,932,976,,,,,,
PA,2008,strawpurchaseh,implemented,,,,,,,,709,756,684,720,724,722,768,734,719,770,825,762,883,819,918,897,932,976,,,,,,,,
PA,2011,nosyg,removal,,,,,709,756,684,720,724,722,768,734,719,770,825,762,883,819,918,897,932,976,,,,,,,,,,,
RI,2000,lockd,implemented,,,,,,,,,,,,,,,,24,25,17,30,11,18,15,16,16,19,39,29,17,17,26,14,26,26
RI,2014,alcoholism,removal,,24,25,17,30,11,18,15,16,16,19,39,29,17,17,26,14,26,26,,,,,,,,,,,,,,
RI,2014,alctreatment,removal,,24,25,17,30,11,18,15,16,16,19,39,29,17,17,26,14,26,26,,,,,,,,,,,,,,
SC,2000,immunity,removal,,,,,,,,,,,,,,,,287,297,311,304,328,328,314,315,311,343,377,392,426,433,470,470,469,525
SC,2001,recordsdealerh,implemented,,,,,,,,,,,,,,,287,297,311,304,328,328,314,315,311,343,377,392,426,433,470,470,469,525,
SC,2004,onepermonth,removal,,,,,,,,,,,,287,297,311,304,328,328,314,315,311,343,377,392,426,433,470,470,469,525,,,,
SC,2005,recordsdealerh,removal,,,,,,,,,,,287,297,311,304,328,328,314,315,311,343,377,392,426,433,470,470,469,525,,,,,
SC,2005,reportdealerh,removal,,,,,,,,,,,287,297,311,304,328,328,314,315,311,343,377,392,426,433,470,470,469,525,,,,,
SC,2006,nosyg,removal,,,,,,,,,,287,297,311,304,328,328,314,315,311,343,377,392,426,433,470,470,469,525,,,,,,
SC,2008,age21handgunpossess,removal,,,,,,,,287,297,311,304,328,328,314,315,311,343,377,392,426,433,470,470,469,525,,,,,,,,
SC,2008,age21handgunsale,removal,,,,,,,,287,297,311,304,328,328,314,315,311,343,377,392,426,433,470,470,469,525,,,,,,,,
SC,2012,dealerh,removal,,,,287,297,311,304,328,328,314,315,311,343,377,392,426,433,470,470,469,525,,,,,,,,,,,,
SC,2012,junkgun,removal,,,,287,297,311,304,328,328,314,315,311,343,377,392,426,433,470,470,469,525,,,,,,,,,,,,
SC,2013,danger,implemented,,,287,297,311,304,328,328,314,315,311,343,377,392,426,433,470,470,469,525,,,,,,,,,,,,,
SC,2013,invcommitment,implemented,,,287,297,311,304,328,328,314,315,311,343,377,392,426,433,470,470,469,525,,,,,,,,,,,,,
SD,2002,ccbackground,implemented,,,,,,,,,,,,,,52,46,42,45,57,59,67,69,43,64,59,65,58,75,68,70,73,83,,
SD,2005,mcdv,implemented,,,,,,,,,,,52,46,42,45,57,59,67,69,43,64,59,65,58,75,68,70,73,83,,,,,
SD,2006,nosyg,removal,,,,,,,,,,52,46,42,45,57,59,67,69,43,64,59,65,58,75,68,70,73,83,,,,,,
SD,2013,elementary,removal,,,52,46,42,45,57,59,67,69,43,64,59,65,58,75,68,70,73,83,,,,,,,,,,,,,
TN,2007,nosyg,removal,,,,,,,,,497,501,480,521,493,526,552,569,545,609,574,585,591,626,676,644,638,675,,,,,,,
TN,2008,felony,implemented,,,,,,,,497,501,480,521,493,526,552,569,545,609,574,585,591,626,676,644,638,675,,,,,,,,
TN,2009,danger,implemented,,,,,,,497,501,480,521,493,526,552,569,545,609,574,585,591,626,676,644,638,675,,,,,,,,,
TN,2009,dvro,implemented,,,,,,,497,501,480,521,493,526,552,569,545,609,574,585,591,626,676,644,638,675,,,,,,,,,
TN,2009,dvrosurrender,implemented,,,,,,,497,501,480,521,493,526,552,569,545,609,574,585,591,626,676,644,638,675,,,,,,,,,
TN,2009,dvrosurrendernoconditions,implemented,,,,,,,497,501,480,521,493,526,552,569,545,609,574,585,591,626,676,644,638,675,,,,,,,,,
TN,2009,invcommitment,implemented,,,,,,,497,501,480,521,493,526,552,569,545,609,574,585,591,626,676,644,638,675,,,,,,,,,
TN,2009,invoutpatient,implemented,,,,,,,497,501,480,521,493,526,552,569,545,609,574,585,591,626,676,644,638,675,,,,,,,,,
TN,2009,mcdv,implemented,,,,,,,497,501,480,521,493,526,552,569,545,609,574,585,591,626,676,644,638,675,,,,,,,,,
TN,2009,mcdvsurrender,implemented,,,,,,,497,501,480,521,493,526,552,569,545,609,574,585,591,626,676,644,638,675,,,,,,,,,
TN,2009,mcdvsurrendernoconditions,implemented,,,,,,,497,501,480,521,493,526,552,569,545,609,574,585,591,626,676,644,638,675,,,,,,,,,
TN,2016,collegeconcealed,removal,501,480,521,493,526,552,569,545,609,574,585,591,626,676,644,638,675,,,,,,,,,,,,,,,,
TN,2016,elementary,removal,501,480,521,493,526,552,569,545,609,574,585,591,626,676,644,638,675,,,,,,,,,,,,,,,,
TX,2001,dvro,implemented,,,,,,,,,,,,,,,1224,1269,1377,1315,1350,1318,1381,1311,1411,1506,1583,1702,1684,1744,1780,1789,1994,2016,
TX,2001,dvrodating,implemented,,,,,,,,,,,,,,,1224,1269,1377,1315,1350,1318,1381,1311,1411,1506,1583,1702,1684,1744,1780,1789,1994,2016,
TX,2001,mcdv,implemented,,,,,,,,,,,,,,,1224,1269,1377,1315,1350,1318,1381,1311,1411,1506,1583,1702,1684,1744,1780,1789,1994,2016,
TX,2007,nosyg,removal,,,,,,,,,1224,1269,1377,1315,1350,1318,1381,1311,1411,1506,1583,1702,1684,1744,1780,1789,1994,2016,,,,,,,
TX,2008,exparte,implemented,,,,,,,,1224,1269,1377,1315,1350,1318,1381,1311,1411,1506,1583,1702,1684,1744,1780,1789,1994,2016,,,,,,,,
TX,2008,expartedating,implemented,,,,,,,,1224,1269,1377,1315,1350,1318,1381,1311,1411,1506,1583,1702,1684,1744,1780,1789,1994,2016,,,,,,,,
TX,2009,ccrevoke,implemented,,,,,,,1224,1269,1377,1315,1350,1318,1381,1311,1411,1506,1583,1702,1684,1744,1780,1789,1994,2016,,,,,,,,,
TX,2016,collegeconcealed,removal,1269,1377,1315,1350,1318,1381,1311,1411,1506,1583,1702,1684,1744,1780,1789,1994,2016,,,,,,,,,,,,,,,,
TX,2016,opencarryh,removal,1269,1377,1315,1350,1318,1381,1311,1411,1506,1583,1702,1684,1744,1780,1789,1994,2016,,,,,,,,,,,,,,,,
UT,2000,immunity,removal,,,,,,,,,,,,,,,,153,174,182,174,181,183,190,189,197,196,217,275,268,283,295,278,313,309
UT,2002,college,removal,,,,,,,,,,,,,,153,174,182,174,181,183,190,189,197,196,217,275,268,283,295,278,313,309,,
VA,2000,immunity,removal,,,,,,,,,,,,,,,,503,484,467,491,452,494,511,499,487,524,527,576,604,587,601,626,630,671
VA,2004,dealerh,removal,,,,,,,,,,,,503,484,467,491,452,494,511,499,487,524,527,576,604,587,601,626,630,671,,,,
VA,2004,permith,removal,,,,,,,,,,,,503,484,467,491,452,494,511,499,487,524,527,576,604,587,601,626,630,671,,,,
VA,2008,invoutpatient,implemented,,,,,,,,503,484,467,491,452,494,511,499,487,524,527,576,604,587,601,626,630,671,,,,,,,,
VA,2012,onepermonth,removal,,,,503,484,467,491,452,494,511,499,487,524,527,576,604,587,601,626,630,671,,,,,,,,,,,,
VA,2016,dvro,implemented,484,467,491,452,494,511,499,487,524,527,576,604,587,601,626,630,671,,,,,,,,,,,,,,,,
VT,2015,mcdv,implemented,29,42,25,45,32,54,20,40,37,41,53,64,65,49,56,55,57,64,,,,,,,,,,,,,,,
VT,2015,mcdvdating,implemented,29,42,25,45,32,54,20,40,37,41,53,64,65,49,56,55,57,64,,,,,,,,,,,,,,,
VT,2015,stalking,implemented,29,42,25,45,32,54,20,40,37,41,53,64,65,49,56,55,57,64,,,,,,,,,,,,,,,
WA,2011,ccbackgroundnics,implemented,,,,,450,390,391,437,436,423,398,397,413,439,470,464,495,529,483,551,537,515,,,,,,,,,,,
WA,2014,backgroundpurge,implemented,,450,390,391,437,436,423,398,397,413,439,470,464,495,529,483,551,537,515,,,,,,,,,,,,,,
WA,2014,defactoregh,implemented,,450,390,391,437,436,423,398,397,413,439,470,464,495,529,483,551,537,515,,,,,,,,,,,,,,
WA,2014,gunshow,implemented,,450,390,391,437,436,423,398,397,413,439,470,464,495,529,483,551,537,515,,,,,,,,,,,,,,
WA,2014,gunshowh,implemented,,450,390,391,437,436,423,398,397,413,439,470,464,495,529,483,551,537,515,,,,,,,,,,,,,,
WA,2014,mentalhealth,implemented,,450,390,391,437,436,423,398,397,413,439,470,464,495,529,483,551,537,515,,,,,,,,,,,,,,
WA,2014,permith,implemented,,450,390,391,437,436,423,398,397,413,439,470,464,495,529,483,551,537,515,,,,,,,,,,,,,,
WA,2014,permitlaw,implemented,,450,390,391,437,436,423,398,397,413,439,470,464,495,529,483,551,537,515,,,,,,,,,,,,,,
WA,2014,recordsallh,implemented,,450,390,391,437,436,423,398,397,413,439,470,464,495,529,483,551,537,515,,,,,,,,,,,,,,
WA,2014,reportallh,implemented,,450,390,391,437,436,423,398,397,413,439,470,464,495,529,483,551,537,515,,,,,,,,,,,,,,
WA,2014,statechecks,implemented,,450,390,391,437,436,423,398,397,413,439,470,464,495,529,483,551,537,515,,,,,,,,,,,,,,
WA,2014,statechecksh,implemented,,450,390,391,437,436,423,398,397,413,439,470,464,495,529,483,551,537,515,,,,,,,,,,,,,,
WA,2014,threedaylimit,implemented,,450,390,391,437,436,423,398,397,413,439,470,464,495,529,483,551,537,515,,,,,,,,,,,,,,
WA,2014,universal,implemented,,450,390,391,437,436,423,398,397,413,439,470,464,495,529,483,551,537,515,,,,,,,,,,,,,,
WA,2014,universalh,implemented,,450,390,391,437,436,423,398,397,413,439,470,464,495,529,483,551,537,515,,,,,,,,,,,,,,
WA,2014,universalpermit,implemented,,450,390,391,437,436,423,398,397,413,439,470,464,495,529,483,551,537,515,,,,,,,,,,,,,,
WA,2014,universalpermith,implemented,,450,390,391,437,436,423,398,397,413,439,470,464,495,529,483,551,537,515,,,,,,,,,,,,,,
WA,2016,gvro,implemented,390,391,437,436,423,398,397,413,439,470,464,495,529,483,551,537,515,,,,,,,,,,,,,,,,
WA,2016,gvrolawenforcement,implemented,390,391,437,436,423,398,397,413,439,470,464,495,529,483,551,537,515,,,,,,,,,,,,,,,,
WI,2002,dvrodating,implemented,,,,,,,,,,,,,,299,304,317,308,310,308,302,299,338,344,345,378,351,348,437,352,424,455,,
WI,2002,dvrosurrenderdating,implemented,,,,,,,,,,,,,,299,304,317,308,310,308,302,299,338,344,345,378,351,348,437,352,424,455,,
WI,2002,stalking,implemented,,,,,,,,,,,,,,299,304,317,308,310,308,302,299,338,344,345,378,351,348,437,352,424,455,,
WI,2010,alctreatment,implemented,,,,,,299,304,317,308,310,308,302,299,338,344,345,378,351,348,437,352,424,455,,,,,,,,,,
WI,2010,danger,implemented,,,,,,299,304,317,308,310,308,302,299,338,344,345,378,351,348,437,352,424,455,,,,,,,,,,
WI,2011,mayissue,removal,,,,,299,304,317,308,310,308,302,299,338,344,345,378,351,348,437,352,424,455,,,,,,,,,,,
WI,2011,showing,removal,,,,,299,304,317,308,310,308,302,299,338,344,345,378,351,348,437,352,424,455,,,,,,,,,,,
WI,2015,waitingh,removal,299,304,317,308,310,308,302,299,338,344,345,378,351,348,437,352,424,455,,,,,,,,,,,,,,,
WV,2000,dvro,implemented,,,,,,,,,,,,,,,,169,173,195,188,191,192,188,179,205,172,178,210,200,198,225,217,215,238
WV,2000,dvrodating,implemented,,,,,,,,,,,,,,,,169,173,195,188,191,192,188,179,205,172,178,210,200,198,225,217,215,238
WV,2000,mcdv,implemented,,,,,,,,,,,,,,,,169,173,195,188,191,192,188,179,205,172,178,210,200,198,225,217,215,238
WV,2000,mcdvdating,implemented,,,,,,,,,,,,,,,,169,173,195,188,191,192,188,179,205,172,178,210,200,198,225,217,215,238
WV,2000,violentpartial,implemented,,,,,,,,,,,,,,,,169,173,195,188,191,192,188,179,205,172,178,210,200,198,225,217,215,238
WV,2001,exparte,implemented,,,,,,,,,,,,,,,169,173,195,188,191,192,188,179,205,172,178,210,200,198,225,217,215,238,
WV,2001,expartedating,implemented,,,,,,,,,,,,,,,169,173,195,188,191,192,188,179,205,172,178,210,200,198,225,217,215,238,
WV,2003,immunity,removal,,,,,,,,,,,,,169,173,195,188,191,192,188,179,205,172,178,210,200,198,225,217,215,238,,,
WV,2008,nosyg,removal,,,,,,,,169,173,195,188,191,192,188,179,205,172,178,210,200,198,225,217,215,238,,,,,,,,
WV,2010,age18longgunsale,implemented,,,,,,169,173,195,188,191,192,188,179,205,172,178,210,200,198,225,217,215,238,,,,,,,,,,
WV,2010,age21handgunsale,implemented,,,,,,169,173,195,188,191,192,188,179,205,172,178,210,200,198,225,217,215,238,,,,,,,,,,
WV,2010,amm18,implemented,,,,,,169,173,195,188,191,192,188,179,205,172,178,210,200,198,225,217,215,238,,,,,,,,,,
WV,2010,amm21h,implemented,,,,,,169,173,195,188,191,192,188,179,205,172,178,210,200,198,225,217,215,238,,,,,,,,,,
WV,2012,ccbackgroundnics,implemented,,,,169,173,195,188,191,192,188,179,205,172,178,210,200,198,225,217,215,238,,,,,,,,,,,,
WV,2012,ccrenewbackground,implemented,,,,169,173,195,188,191,192,188,179,205,172,178,210,200,198,225,217,215,238,,,,,,,,,,,,
WV,2016,ccbackground,removal,173,195,188,191,192,188,179,205,172,178,210,200,198,225,217,215,238,,,,,,,,,,,,,,,,
WV,2016,ccbackgroundnics,removal,173,195,188,191,192,188,179,205,172,178,210,200,198,225,217,215,238,,,,,,,,,,,,,,,,
WV,2016,ccrenewbackground,removal,173,195,188,191,192,188,179,205,172,178,210,200,198,225,217,215,238,,,,,,,,,,,,,,,,
WV,2016,ccrevoke,removal,173,195,188,191,192,188,179,205,172,178,210,200,198,225,217,215,238,,,,,,,,,,,,,,,,
WV,2016,elementary,removal,173,195,188,191,192,188,179,205,172,178,210,200,198,225,217,215,238,,,,,,,,,,,,,,,,
WV,2016,permitconcealed,removal,173,195,188,191,192,188,179,205,172,178,210,200,198,225,217,215,238,,,,,,,,,,,,,,,,
WY,2010,age18longgunsale,implemented,,,,,,54,43,61,73,75,42,48,66,58,87,82,83,78,102,89,78,88,87,,,,,,,,,,
WY,2010,age21handgunsale,implemented,,,,,,54,43,61,73,75,42,48,66,58,87,82,83,78,102,89,78,88,87,,,,,,,,,,
WY,2010,felony,implemented,,,,,,54,43,61,73,75,42,48,66,58,87,82,83,78,102,89,78,88,87,,,,,,,,,,
WY,2011,ccbackground,removal,,,,,54,43,61,73,75,42,48,66,58,87,82,83,78,102,89,78,88,87,,,,,,,,,,,
WY,2011,ccrenewbackground,removal,,,,,54,43,61,73,75,42,48,66,58,87,82,83,78,102,89,78,88,87,,,,,,,,,,,
WY,2011,ccrevoke,removal,,,,,54,43,61,73,75,42,48,66,58,87,82,83,78,102,89,78,88,87,,,,,,,,,,,
WY,2011,permitconcealed,removal,,,,,54,43,61,73,75,42,48,66,58,87,82,83,78,102,89,78,88,87,,,,,,,,,,,
