State,Law,Intervention,InterventionYear,1999,2000,2001,2002,2003,2004,2005,2006,2007,2008,2009,2010,2011,2012,2013,2014,2015,2016
AK,ccbackground,removal,2003,26,15,19,22,23,20,23,27,22,17,20,24,20,21,18,22,39,45
AK,ccrevoke,removal,2003,26,15,19,22,23,20,23,27,22,17,20,24,20,21,18,22,39,45
AK,permitconcealed,removal,2003,26,15,19,22,23,20,23,27,22,17,20,24,20,21,18,22,39,45
AK,nosyg,removal,2013,26,15,19,22,23,20,23,27,22,17,20,24,20,21,18,22,39,45
AL,immunity,removal,2000,12,151,224,187,209,162,219,248,284,265,229,123,173,181,152,219,236,292
AL,preemptionbroad,removal,2000,12,151,224,187,209,162,219,248,284,265,229,123,173,181,152,219,236,292
AL,recordsallh,removal,2000,12,151,224,187,209,162,219,248,284,265,229,123,173,181,152,219,236,292
AL,reportallh,removal,2000,12,151,224,187,209,162,219,248,284,265,229,123,173,181,152,219,236,292
AL,waitingh,removal,2000,12,151,224,187,209,162,219,248,284,265,229,123,173,181,152,219,236,292
AL,ccbackground,implemented,2006,12,151,224,187,209,162,219,248,284,265,229,123,173,181,152,219,236,292
AL,nosyg,removal,2006,12,151,224,187,209,162,219,248,284,265,229,123,173,181,152,219,236,292
AL,stalking,removal,2012,12,151,224,187,209,162,219,248,284,265,229,123,173,181,152,219,236,292
AL,ccbackgroundnics,implemented,2013,12,151,224,187,209,162,219,248,284,265,229,123,173,181,152,219,236,292
AL,ccrenewbackground,implemented,2013,12,151,224,187,209,162,219,248,284,265,229,123,173,181,152,219,236,292
AL,mayissue,removal,2013,12,151,224,187,209,162,219,248,284,265,229,123,173,181,152,219,236,292
AL,showing,removal,2013,12,151,224,187,209,162,219,248,284,265,229,123,173,181,152,219,236,292
AL,danger,implemented,2015,12,151,224,187,209,162,219,248,284,265,229,123,173,181,152,219,236,292
AL,dvro,implemented,2015,12,151,224,187,209,162,219,248,284,265,229,123,173,181,152,219,236,292
AL,invcommitment,implemented,2015,12,151,224,187,209,162,219,248,284,265,229,123,173,181,152,219,236,292
AL,mcdv,implemented,2015,12,151,224,187,209,162,219,248,284,265,229,123,173,181,152,219,236,292
AL,purge,removal,2015,12,151,224,187,209,162,219,248,284,265,229,123,173,181,152,219,236,292
AL,recordsdealerh,removal,2015,12,151,224,187,209,162,219,248,284,265,229,123,173,181,152,219,236,292
AL,reportdealerh,removal,2015,12,151,224,187,209,162,219,248,284,265,229,123,173,181,152,219,236,292
AL,security,removal,2015,12,151,224,187,209,162,219,248,284,265,229,123,173,181,152,219,236,292
AR,collegeconcealed,removal,2013,94,112,90,110,104,96,119,134,118,104,99,96,107,111,103,99,114,147
AR,stalking,removal,2013,94,112,90,110,104,96,119,134,118,104,99,96,107,111,103,99,114,147
AZ,mcdv,implemented,2000,268,259,306,323,314,320,332,350,337,310,217,255,234,230,237,191,205,258
AZ,mcdvdating,implemented,2000,268,259,306,323,314,320,332,350,337,310,217,255,234,230,237,191,205,258
AZ,ccbackground,removal,2010,268,259,306,323,314,320,332,350,337,310,217,255,234,230,237,191,205,258
AZ,ccrenewbackground,removal,2010,268,259,306,323,314,320,332,350,337,310,217,255,234,230,237,191,205,258
AZ,ccrevoke,removal,2010,268,259,306,323,314,320,332,350,337,310,217,255,234,230,237,191,205,258
AZ,nosyg,removal,2010,268,259,306,323,314,320,332,350,337,310,217,255,234,230,237,191,205,258
AZ,permitconcealed,removal,2010,268,259,306,323,314,320,332,350,337,310,217,255,234,230,237,191,205,258
CA,dvro,implemented,2000,1352,1507,1605,1761,1794,1788,1881,1874,1678,1518,1407,1303,1260,1367,1307,1263,1366,1425
CA,dvrodating,implemented,2000,1352,1507,1605,1761,1794,1788,1881,1874,1678,1518,1407,1303,1260,1367,1307,1263,1366,1425
CA,dvrosurrender,implemented,2000,1352,1507,1605,1761,1794,1788,1881,1874,1678,1518,1407,1303,1260,1367,1307,1263,1366,1425
CA,dvrosurrenderdating,implemented,2000,1352,1507,1605,1761,1794,1788,1881,1874,1678,1518,1407,1303,1260,1367,1307,1263,1366,1425
CA,dvrosurrendernoconditions,implemented,2000,1352,1507,1605,1761,1794,1788,1881,1874,1678,1518,1407,1303,1260,1367,1307,1263,1366,1425
CA,exparte,implemented,2000,1352,1507,1605,1761,1794,1788,1881,1874,1678,1518,1407,1303,1260,1367,1307,1263,1366,1425
CA,expartedating,implemented,2000,1352,1507,1605,1761,1794,1788,1881,1874,1678,1518,1407,1303,1260,1367,1307,1263,1366,1425
CA,expartesurrender,implemented,2000,1352,1507,1605,1761,1794,1788,1881,1874,1678,1518,1407,1303,1260,1367,1307,1263,1366,1425
CA,expartesurrenderdating,implemented,2000,1352,1507,1605,1761,1794,1788,1881,1874,1678,1518,1407,1303,1260,1367,1307,1263,1366,1425
CA,expartesurrendernoconditions,implemented,2000,1352,1507,1605,1761,1794,1788,1881,1874,1678,1518,1407,1303,1260,1367,1307,1263,1366,1425
CA,incidentremoval,implemented,2000,1352,1507,1605,1761,1794,1788,1881,1874,1678,1518,1407,1303,1260,1367,1307,1263,1366,1425
CA,magazine,implemented,2000,1352,1507,1605,1761,1794,1788,1881,1874,1678,1518,1407,1303,1260,1367,1307,1263,1366,1425
CA,onefeature,implemented,2000,1352,1507,1605,1761,1794,1788,1881,1874,1678,1518,1407,1303,1260,1367,1307,1263,1366,1425
CA,tenroundlimit,implemented,2000,1352,1507,1605,1761,1794,1788,1881,1874,1678,1518,1407,1303,1260,1367,1307,1263,1366,1425
CA,junkgun,implemented,2001,1352,1507,1605,1761,1794,1788,1881,1874,1678,1518,1407,1303,1260,1367,1307,1263,1366,1425
CA,immunity,implemented,2002,1352,1507,1605,1761,1794,1788,1881,1874,1678,1518,1407,1303,1260,1367,1307,1263,1366,1425
CA,lockd,implemented,2002,1352,1507,1605,1761,1794,1788,1881,1874,1678,1518,1407,1303,1260,1367,1307,1263,1366,1425
CA,lockp,implemented,2002,1352,1507,1605,1761,1794,1788,1881,1874,1678,1518,1407,1303,1260,1367,1307,1263,1366,1425
CA,lockstandards,implemented,2002,1352,1507,1605,1761,1794,1788,1881,1874,1678,1518,1407,1303,1260,1367,1307,1263,1366,1425
CA,mcdvsurrender,implemented,2002,1352,1507,1605,1761,1794,1788,1881,1874,1678,1518,1407,1303,1260,1367,1307,1263,1366,1425
CA,mcdvsurrenderdating,implemented,2002,1352,1507,1605,1761,1794,1788,1881,1874,1678,1518,1407,1303,1260,1367,1307,1263,1366,1425
CA,mcdvsurrendernoconditions,implemented,2002,1352,1507,1605,1761,1794,1788,1881,1874,1678,1518,1407,1303,1260,1367,1307,1263,1366,1425
CA,ammrecords,implemented,2011,1352,1507,1605,1761,1794,1788,1881,1874,1678,1518,1407,1303,1260,1367,1307,1263,1366,1425
CA,fingerprint,implemented,2012,1352,1507,1605,1761,1794,1788,1881,1874,1678,1518,1407,1303,1260,1367,1307,1263,1366,1425
CA,capaccess,implemented,2013,1352,1507,1605,1761,1794,1788,1881,1874,1678,1518,1407,1303,1260,1367,1307,1263,1366,1425
CA,capliability,implemented,2013,1352,1507,1605,1761,1794,1788,1881,1874,1678,1518,1407,1303,1260,1367,1307,1263,1366,1425
CA,dvroremoval,implemented,2013,1352,1507,1605,1761,1794,1788,1881,1874,1678,1518,1407,1303,1260,1367,1307,1263,1366,1425
CA,microstamp,implemented,2013,1352,1507,1605,1761,1794,1788,1881,1874,1678,1518,1407,1303,1260,1367,1307,1263,1366,1425
CA,defactoreg,implemented,2014,1352,1507,1605,1761,1794,1788,1881,1874,1678,1518,1407,1303,1260,1367,1307,1263,1366,1425
CA,collegeconcealed,implemented,2015,1352,1507,1605,1761,1794,1788,1881,1874,1678,1518,1407,1303,1260,1367,1307,1263,1366,1425
CA,permit,implemented,2015,1352,1507,1605,1761,1794,1788,1881,1874,1678,1518,1407,1303,1260,1367,1307,1263,1366,1425
CA,gvro,implemented,2016,1352,1507,1605,1761,1794,1788,1881,1874,1678,1518,1407,1303,1260,1367,1307,1263,1366,1425
CA,gvrolawenforcement,implemented,2016,1352,1507,1605,1761,1794,1788,1881,1874,1678,1518,1407,1303,1260,1367,1307,1263,1366,1425
CO,immunity,removal,2000,100,66,78,100,111,128,108,99,91,83,88,80,77,83,88,97,120,140
CO,traffickingprohibited,implemented,2000,100,66,78,100,111,128,108,99,91,83,88,80,77,83,88,97,120,140
CO,traffickingprohibitedh,implemented,2000,100,66,78,100,111,128,108,99,91,83,88,80,77,83,88,97,120,140
CO,gunshow,implemented,2001,100,66,78,100,111,128,108,99,91,83,88,80,77,83,88,97,120,140
CO,gunshowh,implemented,2001,100,66,78,100,111,128,108,99,91,83,88,80,77,83,88,97,120,140
CO,statechecks,implemented,2001,100,66,78,100,111,128,108,99,91,83,88,80,77,83,88,97,120,140
CO,statechecksh,implemented,2001,100,66,78,100,111,128,108,99,91,83,88,80,77,83,88,97,120,140
CO,ccbackground,implemented,2003,100,66,78,100,111,128,108,99,91,83,88,80,77,83,88,97,120,140
CO,ccbackgroundnics,implemented,2003,100,66,78,100,111,128,108,99,91,83,88,80,77,83,88,97,120,140
CO,ccrenewbackground,implemented,2003,100,66,78,100,111,128,108,99,91,83,88,80,77,83,88,97,120,140
CO,ccrevoke,implemented,2003,100,66,78,100,111,128,108,99,91,83,88,80,77,83,88,97,120,140
CO,elementary,implemented,2003,100,66,78,100,111,128,108,99,91,83,88,80,77,83,88,97,120,140
CO,mayissue,removal,2003,100,66,78,100,111,128,108,99,91,83,88,80,77,83,88,97,120,140
CO,preemption,removal,2003,100,66,78,100,111,128,108,99,91,83,88,80,77,83,88,97,120,140
CO,preemptionbroad,removal,2003,100,66,78,100,111,128,108,99,91,83,88,80,77,83,88,97,120,140
CO,preemptionnarrow,removal,2003,100,66,78,100,111,128,108,99,91,83,88,80,77,83,88,97,120,140
CO,backgroundpurge,implemented,2013,100,66,78,100,111,128,108,99,91,83,88,80,77,83,88,97,120,140
CO,dvro,implemented,2013,100,66,78,100,111,128,108,99,91,83,88,80,77,83,88,97,120,140
CO,dvrosurrender,implemented,2013,100,66,78,100,111,128,108,99,91,83,88,80,77,83,88,97,120,140
CO,dvrosurrendernoconditions,implemented,2013,100,66,78,100,111,128,108,99,91,83,88,80,77,83,88,97,120,140
CO,magazine,implemented,2013,100,66,78,100,111,128,108,99,91,83,88,80,77,83,88,97,120,140
CO,mcdv,implemented,2013,100,66,78,100,111,128,108,99,91,83,88,80,77,83,88,97,120,140
CO,mcdvsurrender,implemented,2013,100,66,78,100,111,128,108,99,91,83,88,80,77,83,88,97,120,140
CO,mcdvsurrendernoconditions,implemented,2013,100,66,78,100,111,128,108,99,91,83,88,80,77,83,88,97,120,140
CO,recordsallh,implemented,2013,100,66,78,100,111,128,108,99,91,83,88,80,77,83,88,97,120,140
CO,universal,implemented,2013,100,66,78,100,111,128,108,99,91,83,88,80,77,83,88,97,120,140
CO,universalh,implemented,2013,100,66,78,100,111,128,108,99,91,83,88,80,77,83,88,97,120,140
CO,universalpermit,implemented,2013,100,66,78,100,111,128,108,99,91,83,88,80,77,83,88,97,120,140
CO,universalpermith,implemented,2013,100,66,78,100,111,128,108,99,91,83,88,80,77,83,88,97,120,140
CT,relinquishment,implemented,2002,77,59,78,51,46,54,56,65,62,77,67,85,90,84,59,55,73,44
CT,danger,implemented,2004,77,59,78,51,46,54,56,65,62,77,67,85,90,84,59,55,73,44
CT,invoutpatient,implemented,2005,77,59,78,51,46,54,56,65,62,77,67,85,90,84,59,55,73,44
CT,loststolen,implemented,2007,77,59,78,51,46,54,56,65,62,77,67,85,90,84,59,55,73,44
CT,age18longgunpossess,implemented,2013,77,59,78,51,46,54,56,65,62,77,67,85,90,84,59,55,73,44
CT,age18longgunsale,implemented,2013,77,59,78,51,46,54,56,65,62,77,67,85,90,84,59,55,73,44
CT,amm18,implemented,2013,77,59,78,51,46,54,56,65,62,77,67,85,90,84,59,55,73,44
CT,amm21h,implemented,2013,77,59,78,51,46,54,56,65,62,77,67,85,90,84,59,55,73,44
CT,ammbackground,implemented,2013,77,59,78,51,46,54,56,65,62,77,67,85,90,84,59,55,73,44
CT,ammpermit,implemented,2013,77,59,78,51,46,54,56,65,62,77,67,85,90,84,59,55,73,44
CT,ammrestrict,implemented,2013,77,59,78,51,46,54,56,65,62,77,67,85,90,84,59,55,73,44
CT,magazine,implemented,2013,77,59,78,51,46,54,56,65,62,77,67,85,90,84,59,55,73,44
CT,onefeature,implemented,2013,77,59,78,51,46,54,56,65,62,77,67,85,90,84,59,55,73,44
CT,tenroundlimit,implemented,2013,77,59,78,51,46,54,56,65,62,77,67,85,90,84,59,55,73,44
CT,violent,implemented,2013,77,59,78,51,46,54,56,65,62,77,67,85,90,84,59,55,73,44
CT,permit,implemented,2014,77,59,78,51,46,54,56,65,62,77,67,85,90,84,59,55,73,44
CT,exparte,implemented,2016,77,59,78,51,46,54,56,65,62,77,67,85,90,84,59,55,73,44
CT,expartedating,implemented,2016,77,59,78,51,46,54,56,65,62,77,67,85,90,84,59,55,73,44
CT,expartesurrender,implemented,2016,77,59,78,51,46,54,56,65,62,77,67,85,90,84,59,55,73,44
CT,expartesurrenderdating,implemented,2016,77,59,78,51,46,54,56,65,62,77,67,85,90,84,59,55,73,44
CT,expartesurrendernoconditions,implemented,2016,77,59,78,51,46,54,56,65,62,77,67,85,90,84,59,55,73,44
DE,ccbackground,implemented,2002,18,13,15,23,14,17,22,26,24,41,32,41,31,38,30,39,53,41
DE,stalking,removal,2003,18,13,15,23,14,17,22,26,24,41,32,41,31,38,30,39,53,41
DE,dvrodating,implemented,2007,18,13,15,23,14,17,22,26,24,41,32,41,31,38,30,39,53,41
DE,stalking,implemented,2008,18,13,15,23,14,17,22,26,24,41,32,41,31,38,30,39,53,41
DE,backgroundpurge,implemented,2013,18,13,15,23,14,17,22,26,24,41,32,41,31,38,30,39,53,41
DE,gunshow,implemented,2013,18,13,15,23,14,17,22,26,24,41,32,41,31,38,30,39,53,41
DE,gunshowh,implemented,2013,18,13,15,23,14,17,22,26,24,41,32,41,31,38,30,39,53,41
DE,loststolen,implemented,2013,18,13,15,23,14,17,22,26,24,41,32,41,31,38,30,39,53,41
DE,mentalhealth,implemented,2013,18,13,15,23,14,17,22,26,24,41,32,41,31,38,30,39,53,41
DE,recordsall,implemented,2013,18,13,15,23,14,17,22,26,24,41,32,41,31,38,30,39,53,41
DE,recordsallh,implemented,2013,18,13,15,23,14,17,22,26,24,41,32,41,31,38,30,39,53,41
DE,universal,implemented,2013,18,13,15,23,14,17,22,26,24,41,32,41,31,38,30,39,53,41
DE,universalh,implemented,2013,18,13,15,23,14,17,22,26,24,41,32,41,31,38,30,39,53,41
DE,universalpermit,implemented,2013,18,13,15,23,14,17,22,26,24,41,32,41,31,38,30,39,53,41
DE,universalpermith,implemented,2013,18,13,15,23,14,17,22,26,24,41,32,41,31,38,30,39,53,41
DE,invoutpatient,implemented,2014,18,13,15,23,14,17,22,26,24,41,32,41,31,38,30,39,53,41
DE,threedaylimit,implemented,2016,18,13,15,23,14,17,22,26,24,41,32,41,31,38,30,39,53,41
FL,immunity,removal,2001,552,590,602,582,660,647,625,800,929,885,807,755,821,867,814,807,873,989
FL,ammrestrict,implemented,2004,552,590,602,582,660,647,625,800,929,885,807,755,821,867,814,807,873,989
FL,nosyg,removal,2005,552,590,602,582,660,647,625,800,929,885,807,755,821,867,814,807,873,989
GA,ccbackgroundnics,implemented,2006,341,340,384,423,414,332,363,424,493,449,389,390,380,404,413,441,472,529
GA,nosyg,removal,2006,341,340,384,423,414,332,363,424,493,449,389,390,380,404,413,441,472,529
GA,college,removal,2014,341,340,384,423,414,332,363,424,493,449,389,390,380,404,413,441,472,529
GA,collegeconcealed,removal,2014,341,340,384,423,414,332,363,424,493,449,389,390,380,404,413,441,472,529
GA,dealerh,removal,2014,341,340,384,423,414,332,363,424,493,449,389,390,380,404,413,441,472,529
GA,elementary,removal,2014,341,340,384,423,414,332,363,424,493,449,389,390,380,404,413,441,472,529
GA,recordsdealerh,removal,2014,341,340,384,423,414,332,363,424,493,449,389,390,380,404,413,441,472,529
HI,dvrodating,implemented,2000,15,8,11,11,9,7,2,6,7,13,10,7,7,7,6,3,7,26
HI,dvrosurrenderdating,implemented,2000,15,8,11,11,9,7,2,6,7,13,10,7,7,7,6,3,7,26
HI,expartedating,implemented,2000,15,8,11,11,9,7,2,6,7,13,10,7,7,7,6,3,7,26
HI,expartesurrenderdating,implemented,2000,15,8,11,11,9,7,2,6,7,13,10,7,7,7,6,3,7,26
HI,mcdvremovalallowed,implemented,2000,15,8,11,11,9,7,2,6,7,13,10,7,7,7,6,3,7,26
HI,relinquishment,implemented,2000,15,8,11,11,9,7,2,6,7,13,10,7,7,7,6,3,7,26
HI,backgroundpurge,implemented,2006,15,8,11,11,9,7,2,6,7,13,10,7,7,7,6,3,7,26
HI,ccbackground,implemented,2006,15,8,11,11,9,7,2,6,7,13,10,7,7,7,6,3,7,26
HI,ccbackgroundnics,implemented,2006,15,8,11,11,9,7,2,6,7,13,10,7,7,7,6,3,7,26
HI,ccrenewbackground,implemented,2006,15,8,11,11,9,7,2,6,7,13,10,7,7,7,6,3,7,26
HI,statechecks,implemented,2006,15,8,11,11,9,7,2,6,7,13,10,7,7,7,6,3,7,26
HI,statechecksh,implemented,2006,15,8,11,11,9,7,2,6,7,13,10,7,7,7,6,3,7,26
HI,threedaylimit,implemented,2006,15,8,11,11,9,7,2,6,7,13,10,7,7,7,6,3,7,26
HI,incidentremoval,implemented,2012,15,8,11,11,9,7,2,6,7,13,10,7,7,7,6,3,7,26
HI,stalking,implemented,2016,15,8,11,11,9,7,2,6,7,13,10,7,7,7,6,3,7,26
IA,dvro,implemented,2010,26,19,17,26,19,21,20,17,15,26,17,21,21,26,17,30,49,44
IA,dvrosurrender,implemented,2010,26,19,17,26,19,21,20,17,15,26,17,21,21,26,17,30,49,44
IA,mcdv,implemented,2010,26,19,17,26,19,21,20,17,15,26,17,21,21,26,17,30,49,44
IA,mcdvsurrender,implemented,2010,26,19,17,26,19,21,20,17,15,26,17,21,21,26,17,30,49,44
IA,ccbackgroundnics,implemented,2011,26,19,17,26,19,21,20,17,15,26,17,21,21,26,17,30,49,44
IA,ccrevoke,implemented,2011,26,19,17,26,19,21,20,17,15,26,17,21,21,26,17,30,49,44
IA,mayissue,removal,2011,26,19,17,26,19,21,20,17,15,26,17,21,21,26,17,30,49,44
ID,elementary,implemented,2000,15,12,19,16,11,18,23,19,25,13,5,12,14,17,14,12,23,16
ID,preemptionbroad,removal,2008,15,12,19,16,11,18,23,19,25,13,5,12,14,17,14,12,23,16
ID,preemptionnarrow,removal,2008,15,12,19,16,11,18,23,19,25,13,5,12,14,17,14,12,23,16
ID,ccbackgroundnics,implemented,2015,15,12,19,16,11,18,23,19,25,13,5,12,14,17,14,12,23,16
ID,ccbackground,removal,2016,15,12,19,16,11,18,23,19,25,13,5,12,14,17,14,12,23,16
ID,ccbackgroundnics,removal,2016,15,12,19,16,11,18,23,19,25,13,5,12,14,17,14,12,23,16
ID,ccrevoke,removal,2016,15,12,19,16,11,18,23,19,25,13,5,12,14,17,14,12,23,16
ID,permitconcealed,removal,2016,15,12,19,16,11,18,23,19,25,13,5,12,14,17,14,12,23,16
IL,cap14,implemented,2000,459,415,216,486,482,352,345,397,346,422,390,358,392,433,370,384,436,816
IL,capuses,implemented,2000,459,415,216,486,482,352,345,397,346,422,390,358,392,433,370,384,436,816
IL,traffickingprohibited,implemented,2000,459,415,216,486,482,352,345,397,346,422,390,358,392,433,370,384,436,816
IL,traffickingprohibitedh,implemented,2000,459,415,216,486,482,352,345,397,346,422,390,358,392,433,370,384,436,816
IL,gunshow,implemented,2005,459,415,216,486,482,352,345,397,346,422,390,358,392,433,370,384,436,816
IL,gunshowh,implemented,2005,459,415,216,486,482,352,345,397,346,422,390,358,392,433,370,384,436,816
IL,lockd,implemented,2006,459,415,216,486,482,352,345,397,346,422,390,358,392,433,370,384,436,816
IL,exparte,implemented,2010,459,415,216,486,482,352,345,397,346,422,390,358,392,433,370,384,436,816
IL,expartedating,implemented,2010,459,415,216,486,482,352,345,397,346,422,390,358,392,433,370,384,436,816
IL,expartesurrender,implemented,2010,459,415,216,486,482,352,345,397,346,422,390,358,392,433,370,384,436,816
IL,expartesurrenderdating,implemented,2010,459,415,216,486,482,352,345,397,346,422,390,358,392,433,370,384,436,816
IL,expartesurrendernoconditions,implemented,2010,459,415,216,486,482,352,345,397,346,422,390,358,392,433,370,384,436,816
IL,invoutpatient,implemented,2013,459,415,216,486,482,352,345,397,346,422,390,358,392,433,370,384,436,816
IL,loststolen,implemented,2013,459,415,216,486,482,352,345,397,346,422,390,358,392,433,370,384,436,816
IL,mayissue,removal,2013,459,415,216,486,482,352,345,397,346,422,390,358,392,433,370,384,436,816
IL,mcdvsurrender,implemented,2013,459,415,216,486,482,352,345,397,346,422,390,358,392,433,370,384,436,816
IL,mcdvsurrenderdating,implemented,2013,459,415,216,486,482,352,345,397,346,422,390,358,392,433,370,384,436,816
IL,opencarryh,removal,2013,459,415,216,486,482,352,345,397,346,422,390,358,392,433,370,384,436,816
IL,preemption,removal,2013,459,415,216,486,482,352,345,397,346,422,390,358,392,433,370,384,436,816
IL,preemptionnarrow,removal,2013,459,415,216,486,482,352,345,397,346,422,390,358,392,433,370,384,436,816
IL,relinquishment,implemented,2013,459,415,216,486,482,352,345,397,346,422,390,358,392,433,370,384,436,816
IL,showing,removal,2013,459,415,216,486,482,352,345,397,346,422,390,358,392,433,370,384,436,816
IN,immunity,removal,2001,225,194,238,197,228,202,233,230,228,216,208,201,181,224,263,236,213,286
IN,mcdv,implemented,2003,225,194,238,197,228,202,233,230,228,216,208,201,181,224,263,236,213,286
IN,gvrolawenforcement,implemented,2006,225,194,238,197,228,202,233,230,228,216,208,201,181,224,263,236,213,286
IN,nosyg,removal,2006,225,194,238,197,228,202,233,230,228,216,208,201,181,224,263,236,213,286
IN,traffickingprohibitedh,implemented,2014,225,194,238,197,228,202,233,230,228,216,208,201,181,224,263,236,213,286
IN,mcdvdating,implemented,2016,225,194,238,197,228,202,233,230,228,216,208,201,181,224,263,236,213,286
KS,immunity,removal,2002,0,22,40,28,47,41,52,68,66,58,80,69,74,53,71,57,83,59
KS,preemption,removal,2005,0,22,40,28,47,41,52,68,66,58,80,69,74,53,71,57,83,59
KS,preemptionbroad,removal,2005,0,22,40,28,47,41,52,68,66,58,80,69,74,53,71,57,83,59
KS,preemptionnarrow,removal,2005,0,22,40,28,47,41,52,68,66,58,80,69,74,53,71,57,83,59
KS,alctreatment,implemented,2006,0,22,40,28,47,41,52,68,66,58,80,69,74,53,71,57,83,59
KS,nosyg,removal,2006,0,22,40,28,47,41,52,68,66,58,80,69,74,53,71,57,83,59
KS,ccbackgroundnics,removal,2007,0,22,40,28,47,41,52,68,66,58,80,69,74,53,71,57,83,59
KS,ccrenewbackground,removal,2007,0,22,40,28,47,41,52,68,66,58,80,69,74,53,71,57,83,59
KS,mayissue,removal,2007,0,22,40,28,47,41,52,68,66,58,80,69,74,53,71,57,83,59
KS,showing,removal,2007,0,22,40,28,47,41,52,68,66,58,80,69,74,53,71,57,83,59
KS,stalking,removal,2008,0,22,40,28,47,41,52,68,66,58,80,69,74,53,71,57,83,59
KS,ccrenewbackground,implemented,2010,0,22,40,28,47,41,52,68,66,58,80,69,74,53,71,57,83,59
KS,danger,implemented,2010,0,22,40,28,47,41,52,68,66,58,80,69,74,53,71,57,83,59
KS,elementary,removal,2010,0,22,40,28,47,41,52,68,66,58,80,69,74,53,71,57,83,59
KS,invcommitment,implemented,2010,0,22,40,28,47,41,52,68,66,58,80,69,74,53,71,57,83,59
KS,ccbackground,removal,2015,0,22,40,28,47,41,52,68,66,58,80,69,74,53,71,57,83,59
KS,ccrenewbackground,removal,2015,0,22,40,28,47,41,52,68,66,58,80,69,74,53,71,57,83,59
KS,ccrevoke,removal,2015,0,22,40,28,47,41,52,68,66,58,80,69,74,53,71,57,83,59
KS,permitconcealed,removal,2015,0,22,40,28,47,41,52,68,66,58,80,69,74,53,71,57,83,59
KY,ccbackgroundnics,implemented,2006,54,48,56,53,56,130,123,96,125,120,116,108,103,120,105,115,152,199
KY,ccrenewbackground,implemented,2006,54,48,56,53,56,130,123,96,125,120,116,108,103,120,105,115,152,199
KY,nosyg,removal,2006,54,48,56,53,56,130,123,96,125,120,116,108,103,120,105,115,152,199
LO,nosyg,removal,2006,317,384,359,430,450,433,323,383,454,311,399,366,389,380,352,341,385,447
LO,ccbackgroundnics,implemented,2014,317,384,359,430,450,433,323,383,454,311,399,366,389,380,352,341,385,447
LO,dvro,implemented,2014,317,384,359,430,450,433,323,383,454,311,399,366,389,380,352,341,385,447
LO,dvrodating,implemented,2014,317,384,359,430,450,433,323,383,454,311,399,366,389,380,352,341,385,447
LO,mcdv,implemented,2014,317,384,359,430,450,433,323,383,454,311,399,366,389,380,352,341,385,447
MD,lockd,implemented,2000,315,313,336,350,366,388,424,405,426,375,313,305,281,298,278,226,355,364
MD,microstamp,implemented,2000,315,313,336,350,366,388,424,405,426,375,313,305,281,298,278,226,355,364
MD,personalized,implemented,2000,315,313,336,350,366,388,424,405,426,375,313,305,281,298,278,226,355,364
MD,training,implemented,2002,315,313,336,350,366,388,424,405,426,375,313,305,281,298,278,226,355,364
MD,defactoregh,implemented,2003,315,313,336,350,366,388,424,405,426,375,313,305,281,298,278,226,355,364
MD,strawpurchaseh,implemented,2003,315,313,336,350,366,388,424,405,426,375,313,305,281,298,278,226,355,364
MD,dvrosurrender,implemented,2009,315,313,336,350,366,388,424,405,426,375,313,305,281,298,278,226,355,364
MD,dvrosurrendernoconditions,implemented,2009,315,313,336,350,366,388,424,405,426,375,313,305,281,298,278,226,355,364
MD,violent,implemented,2011,315,313,336,350,366,388,424,405,426,375,313,305,281,298,278,226,355,364
MD,ammrestrict,implemented,2013,315,313,336,350,366,388,424,405,426,375,313,305,281,298,278,226,355,364
MD,assault,implemented,2013,315,313,336,350,366,388,424,405,426,375,313,305,281,298,278,226,355,364
MD,assaultlist,implemented,2013,315,313,336,350,366,388,424,405,426,375,313,305,281,298,278,226,355,364
MD,assaulttransfer,implemented,2013,315,313,336,350,366,388,424,405,426,375,313,305,281,298,278,226,355,364
MD,fingerprint,implemented,2013,315,313,336,350,366,388,424,405,426,375,313,305,281,298,278,226,355,364
MD,tenroundlimit,implemented,2013,315,313,336,350,366,388,424,405,426,375,313,305,281,298,278,226,355,364
MD,dvrodating,implemented,2015,315,313,336,350,366,388,424,405,426,375,313,305,281,298,278,226,355,364
MD,dvrosurrenderdating,implemented,2015,315,313,336,350,366,388,424,405,426,375,313,305,281,298,278,226,355,364
MD,microstamp,removal,2015,315,313,336,350,366,388,424,405,426,375,313,305,281,298,278,226,355,364
ME,danger,implemented,2008,15,6,6,8,8,9,8,12,14,13,8,14,19,15,16,10,16,13
ME,invcommitment,implemented,2008,15,6,6,8,8,9,8,12,14,13,8,14,19,15,16,10,16,13
ME,ccrevoke,removal,2015,15,6,6,8,8,9,8,12,14,13,8,14,19,15,16,10,16,13
ME,mcdv,implemented,2015,15,6,6,8,8,9,8,12,14,13,8,14,19,15,16,10,16,13
ME,mcdvdating,implemented,2015,15,6,6,8,8,9,8,12,14,13,8,14,19,15,16,10,16,13
ME,permitconcealed,removal,2015,15,6,6,8,8,9,8,12,14,13,8,14,19,15,16,10,16,13
MI,immunity,removal,2000,476,464,463,449,429,442,417,467,422,368,424,418,461,525,429,358,394,429
MI,lockd,implemented,2000,476,464,463,449,429,442,417,467,422,368,424,418,461,525,429,358,394,429
MI,ccbackgroundnics,removal,2001,476,464,463,449,429,442,417,467,422,368,424,418,461,525,429,358,394,429
MI,elementary,implemented,2001,476,464,463,449,429,442,417,467,422,368,424,418,461,525,429,358,394,429
MI,mayissue,removal,2001,476,464,463,449,429,442,417,467,422,368,424,418,461,525,429,358,394,429
MI,showing,removal,2001,476,464,463,449,429,442,417,467,422,368,424,418,461,525,429,358,394,429
MI,nosyg,removal,2006,476,464,463,449,429,442,417,467,422,368,424,418,461,525,429,358,394,429
MI,permith,removal,2012,476,464,463,449,429,442,417,467,422,368,424,418,461,525,429,358,394,429
MI,permitlaw,removal,2012,476,464,463,449,429,442,417,467,422,368,424,418,461,525,429,358,394,429
MI,training,removal,2012,476,464,463,449,429,442,417,467,422,368,424,418,461,525,429,358,394,429
MI,ccbackgroundnics,implemented,2015,476,464,463,449,429,442,417,467,422,368,424,418,461,525,429,358,394,429
MN,ccbackgroundnics,implemented,2003,48,63,56,63,72,79,69,79,55,59,45,59,44,42,61,52,78,75
MN,mayissue,removal,2003,48,63,56,63,72,79,69,79,55,59,45,59,44,42,61,52,78,75
MN,showing,removal,2003,48,63,56,63,72,79,69,79,55,59,45,59,44,42,61,52,78,75
MN,dvro,implemented,2014,48,63,56,63,72,79,69,79,55,59,45,59,44,42,61,52,78,75
MN,dvrodating,implemented,2014,48,63,56,63,72,79,69,79,55,59,45,59,44,42,61,52,78,75
MN,dvroremoval,implemented,2014,48,63,56,63,72,79,69,79,55,59,45,59,44,42,61,52,78,75
MN,dvrosurrender,implemented,2014,48,63,56,63,72,79,69,79,55,59,45,59,44,42,61,52,78,75
MN,dvrosurrenderdating,implemented,2014,48,63,56,63,72,79,69,79,55,59,45,59,44,42,61,52,78,75
MN,dvrosurrendernoconditions,implemented,2014,48,63,56,63,72,79,69,79,55,59,45,59,44,42,61,52,78,75
MN,mcdvremovalallowed,implemented,2014,48,63,56,63,72,79,69,79,55,59,45,59,44,42,61,52,78,75
MN,mcdvremovalrequired,implemented,2014,48,63,56,63,72,79,69,79,55,59,45,59,44,42,61,52,78,75
MN,traffickingprohibited,implemented,2015,48,63,56,63,72,79,69,79,55,59,45,59,44,42,61,52,78,75
MN,traffickingprohibitedh,implemented,2015,48,63,56,63,72,79,69,79,55,59,45,59,44,42,61,52,78,75
MO,ccbackground,removal,2003,213,229,237,229,195,236,286,239,268,358,279,313,280,285,278,317,410,438
MO,ccbackgroundnics,removal,2003,213,229,237,229,195,236,286,239,268,358,279,313,280,285,278,317,410,438
MO,immunity,removal,2003,213,229,237,229,195,236,286,239,268,358,279,313,280,285,278,317,410,438
MO,mayissue,removal,2003,213,229,237,229,195,236,286,239,268,358,279,313,280,285,278,317,410,438
MO,showing,removal,2003,213,229,237,229,195,236,286,239,268,358,279,313,280,285,278,317,410,438
MO,age21handgunsale,removal,2007,213,229,237,229,195,236,286,239,268,358,279,313,280,285,278,317,410,438
MO,backgroundpurge,removal,2007,213,229,237,229,195,236,286,239,268,358,279,313,280,285,278,317,410,438
MO,permith,removal,2007,213,229,237,229,195,236,286,239,268,358,279,313,280,285,278,317,410,438
MO,permitlaw,removal,2007,213,229,237,229,195,236,286,239,268,358,279,313,280,285,278,317,410,438
MO,threedaylimit,removal,2007,213,229,237,229,195,236,286,239,268,358,279,313,280,285,278,317,410,438
MO,universalpermith,removal,2007,213,229,237,229,195,236,286,239,268,358,279,313,280,285,278,317,410,438
MO,ccbackground,implemented,2008,213,229,237,229,195,236,286,239,268,358,279,313,280,285,278,317,410,438
MO,felony,implemented,2008,213,229,237,229,195,236,286,239,268,358,279,313,280,285,278,317,410,438
MO,ccbackgroundnics,implemented,2014,213,229,237,229,195,236,286,239,268,358,279,313,280,285,278,317,410,438
MO,elementary,removal,2014,213,229,237,229,195,236,286,239,268,358,279,313,280,285,278,317,410,438
MO,nosyg,removal,2016,213,229,237,229,195,236,286,239,268,358,279,313,280,285,278,317,410,438
MS,immunity,removal,2003,112,106,128,119,124,125,108,119,116,137,109,117,136,130,105,121,123,126
MS,nosyg,removal,2006,112,106,128,119,124,125,108,119,116,137,109,117,136,130,105,121,123,126
MS,collegeconcealed,removal,2011,112,106,128,119,124,125,108,119,116,137,109,117,136,130,105,121,123,126
MS,elementary,removal,2011,112,106,128,119,124,125,108,119,116,137,109,117,136,130,105,121,123,126
MS,opencarrypermith,removal,2013,112,106,128,119,124,125,108,119,116,137,109,117,136,130,105,121,123,126
MS,ccbackground,removal,2015,112,106,128,119,124,125,108,119,116,137,109,117,136,130,105,121,123,126
MS,ccrevoke,removal,2015,112,106,128,119,124,125,108,119,116,137,109,117,136,130,105,121,123,126
MS,permitconcealed,removal,2015,112,106,128,119,124,125,108,119,116,137,109,117,136,130,105,121,123,126
MT,nosyg,removal,2009,5,8,11,5,11,11,6,5,11,11,18,11,6,12,10,14,14,13
NC,immunity,removal,2002,349,365,316,359,295,276,336,344,343,347,313,274,293,300,293,298,324,389
NC,dvro,implemented,2003,349,365,316,359,295,276,336,344,343,347,313,274,293,300,293,298,324,389
NC,dvrodating,implemented,2003,349,365,316,359,295,276,336,344,343,347,313,274,293,300,293,298,324,389
NC,dvrosurrender,implemented,2003,349,365,316,359,295,276,336,344,343,347,313,274,293,300,293,298,324,389
NC,dvrosurrenderdating,implemented,2003,349,365,316,359,295,276,336,344,343,347,313,274,293,300,293,298,324,389
NC,dvrosurrendernoconditions,implemented,2003,349,365,316,359,295,276,336,344,343,347,313,274,293,300,293,298,324,389
NC,exparte,implemented,2003,349,365,316,359,295,276,336,344,343,347,313,274,293,300,293,298,324,389
NC,expartedating,implemented,2003,349,365,316,359,295,276,336,344,343,347,313,274,293,300,293,298,324,389
NC,expartesurrender,implemented,2003,349,365,316,359,295,276,336,344,343,347,313,274,293,300,293,298,324,389
NC,expartesurrenderdating,implemented,2003,349,365,316,359,295,276,336,344,343,347,313,274,293,300,293,298,324,389
NC,expartesurrendernoconditions,implemented,2003,349,365,316,359,295,276,336,344,343,347,313,274,293,300,293,298,324,389
NC,ccbackgroundnics,implemented,2006,349,365,316,359,295,276,336,344,343,347,313,274,293,300,293,298,324,389
NC,nosyg,removal,2011,349,365,316,359,295,276,336,344,343,347,313,274,293,300,293,298,324,389
NC,ccrevoke,implemented,2013,349,365,316,359,295,276,336,344,343,347,313,274,293,300,293,298,324,389
ND,immunity,removal,2001,3,1,5,2,4,4,2,1,2,0,3,5,5,2,4,6,8,8
ND,alctreatment,implemented,2011,3,1,5,2,4,4,2,1,2,0,3,5,5,2,4,6,8,8
ND,ccbackgroundnics,implemented,2013,3,1,5,2,4,4,2,1,2,0,3,5,5,2,4,6,8,8
NE,incidentremoval,implemented,2004,7,17,8,8,6,16,6,5,8,9,28,37,43,41,41,36,37,30
NE,mayissue,removal,2007,7,17,8,8,6,16,6,5,8,9,28,37,43,41,41,36,37,30
NE,showing,removal,2007,7,17,8,8,6,16,6,5,8,9,28,37,43,41,41,36,37,30
NE,mcdv,implemented,2009,7,17,8,8,6,16,6,5,8,9,28,37,43,41,41,36,37,30
NE,mcdvdating,implemented,2009,7,17,8,8,6,16,6,5,8,9,28,37,43,41,41,36,37,30
NE,preemption,removal,2009,7,17,8,8,6,16,6,5,8,9,28,37,43,41,41,36,37,30
NH,cap14,implemented,2000,4,5,7,9,2,4,7,3,5,2,4,5,6,9,5,8,7,10
NH,cap16,implemented,2000,4,5,7,9,2,4,7,3,5,2,4,5,6,9,5,8,7,10
NH,capuses,implemented,2000,4,5,7,9,2,4,7,3,5,2,4,5,6,9,5,8,7,10
NH,dvro,implemented,2000,4,5,7,9,2,4,7,3,5,2,4,5,6,9,5,8,7,10
NH,dvrodating,implemented,2000,4,5,7,9,2,4,7,3,5,2,4,5,6,9,5,8,7,10
NH,dvrosurrender,implemented,2000,4,5,7,9,2,4,7,3,5,2,4,5,6,9,5,8,7,10
NH,dvrosurrenderdating,implemented,2000,4,5,7,9,2,4,7,3,5,2,4,5,6,9,5,8,7,10
NH,dvrosurrendernoconditions,implemented,2000,4,5,7,9,2,4,7,3,5,2,4,5,6,9,5,8,7,10
NH,preemption,removal,2003,4,5,7,9,2,4,7,3,5,2,4,5,6,9,5,8,7,10
NH,preemptionbroad,removal,2003,4,5,7,9,2,4,7,3,5,2,4,5,6,9,5,8,7,10
NH,preemptionnarrow,removal,2003,4,5,7,9,2,4,7,3,5,2,4,5,6,9,5,8,7,10
NH,immunity,removal,2004,4,5,7,9,2,4,7,3,5,2,4,5,6,9,5,8,7,10
NH,nosyg,removal,2011,4,5,7,9,2,4,7,3,5,2,4,5,6,9,5,8,7,10
NJ,lockd,implemented,2000,153,151,181,193,244,245,280,290,258,237,229,252,276,273,290,255,262,285
NJ,lockp,implemented,2000,153,151,181,193,244,245,280,290,258,237,229,252,276,273,290,255,262,285
NJ,age21handgunpossess,implemented,2001,153,151,181,193,244,245,280,290,258,237,229,252,276,273,290,255,262,285
NJ,age21handgunsale,implemented,2001,153,151,181,193,244,245,280,290,258,237,229,252,276,273,290,255,262,285
NJ,personalized,implemented,2002,153,151,181,193,244,245,280,290,258,237,229,252,276,273,290,255,262,285
NJ,dvro,implemented,2004,153,151,181,193,244,245,280,290,258,237,229,252,276,273,290,255,262,285
NJ,dvrodating,implemented,2004,153,151,181,193,244,245,280,290,258,237,229,252,276,273,290,255,262,285
NJ,incidentall,implemented,2004,153,151,181,193,244,245,280,290,258,237,229,252,276,273,290,255,262,285
NJ,incidentremoval,implemented,2004,153,151,181,193,244,245,280,290,258,237,229,252,276,273,290,255,262,285
NJ,mcdv,implemented,2004,153,151,181,193,244,245,280,290,258,237,229,252,276,273,290,255,262,285
NJ,mcdvdating,implemented,2004,153,151,181,193,244,245,280,290,258,237,229,252,276,273,290,255,262,285
NJ,amm21h,implemented,2008,153,151,181,193,244,245,280,290,258,237,229,252,276,273,290,255,262,285
NJ,ammrestrict,implemented,2008,153,151,181,193,244,245,280,290,258,237,229,252,276,273,290,255,262,285
NJ,loststolen,implemented,2008,153,151,181,193,244,245,280,290,258,237,229,252,276,273,290,255,262,285
NJ,onepermonth,implemented,2010,153,151,181,193,244,245,280,290,258,237,229,252,276,273,290,255,262,285
NM,ccbackground,removal,2001,72,65,48,79,55,74,66,67,87,92,81,71,60,59,66,76,63,56
NM,ccbackgroundnics,removal,2001,72,65,48,79,55,74,66,67,87,92,81,71,60,59,66,76,63,56
NM,ccrenewbackground,removal,2001,72,65,48,79,55,74,66,67,87,92,81,71,60,59,66,76,63,56
NM,ccrevoke,removal,2001,72,65,48,79,55,74,66,67,87,92,81,71,60,59,66,76,63,56
NM,mayissue,removal,2001,72,65,48,79,55,74,66,67,87,92,81,71,60,59,66,76,63,56
NM,showing,removal,2001,72,65,48,79,55,74,66,67,87,92,81,71,60,59,66,76,63,56
NM,college,implemented,2003,72,65,48,79,55,74,66,67,87,92,81,71,60,59,66,76,63,56
NM,collegeconcealed,implemented,2003,72,65,48,79,55,74,66,67,87,92,81,71,60,59,66,76,63,56
NM,ccbackground,implemented,2004,72,65,48,79,55,74,66,67,87,92,81,71,60,59,66,76,63,56
NM,ccrenewbackground,implemented,2004,72,65,48,79,55,74,66,67,87,92,81,71,60,59,66,76,63,56
NM,ccrevoke,implemented,2004,72,65,48,79,55,74,66,67,87,92,81,71,60,59,66,76,63,56
NV,ammrestrict,implemented,2003,103,87,113,116,114,117,134,142,135,103,102,96,91,80,83,106,126,145
NV,invcommitment,implemented,2003,103,87,113,116,114,117,134,142,135,103,102,96,91,80,83,106,126,145
NV,invoutpatient,implemented,2003,103,87,113,116,114,117,134,142,135,103,102,96,91,80,83,106,126,145
NV,ccbackgroundnics,implemented,2011,103,87,113,116,114,117,134,142,135,103,102,96,91,80,83,106,126,145
NV,ccrenewbackground,implemented,2011,103,87,113,116,114,117,134,142,135,103,102,96,91,80,83,106,126,145
NV,nosyg,removal,2011,103,87,113,116,114,117,134,142,135,103,102,96,91,80,83,106,126,145
NV,danger,implemented,2015,103,87,113,116,114,117,134,142,135,103,102,96,91,80,83,106,126,145
NV,drugmisdemeanor,implemented,2015,103,87,113,116,114,117,134,142,135,103,102,96,91,80,83,106,126,145
NV,dvro,implemented,2015,103,87,113,116,114,117,134,142,135,103,102,96,91,80,83,106,126,145
NV,mcdv,implemented,2015,103,87,113,116,114,117,134,142,135,103,102,96,91,80,83,106,126,145
NY,age21handgunpossess,implemented,2000,512,576,525,528,553,508,502,413,479,462,449,497,426,396,346,336,386,380
NY,age21handgunsale,implemented,2000,512,576,525,528,553,508,502,413,479,462,449,497,426,396,346,336,386,380
NY,amm21h,implemented,2000,512,576,525,528,553,508,502,413,479,462,449,497,426,396,346,336,386,380
NY,assault,implemented,2000,512,576,525,528,553,508,502,413,479,462,449,497,426,396,346,336,386,380
NY,assaultlist,implemented,2000,512,576,525,528,553,508,502,413,479,462,449,497,426,396,346,336,386,380
NY,backgroundpurge,implemented,2000,512,576,525,528,553,508,502,413,479,462,449,497,426,396,346,336,386,380
NY,gunshow,implemented,2000,512,576,525,528,553,508,502,413,479,462,449,497,426,396,346,336,386,380
NY,gunshowh,implemented,2000,512,576,525,528,553,508,502,413,479,462,449,497,426,396,346,336,386,380
NY,lockd,implemented,2000,512,576,525,528,553,508,502,413,479,462,449,497,426,396,346,336,386,380
NY,lockstandards,implemented,2000,512,576,525,528,553,508,502,413,479,462,449,497,426,396,346,336,386,380
NY,loststolen,implemented,2000,512,576,525,528,553,508,502,413,479,462,449,497,426,396,346,336,386,380
NY,magazine,implemented,2000,512,576,525,528,553,508,502,413,479,462,449,497,426,396,346,336,386,380
NY,mentalhealth,implemented,2000,512,576,525,528,553,508,502,413,479,462,449,497,426,396,346,336,386,380
NY,personalized,implemented,2000,512,576,525,528,553,508,502,413,479,462,449,497,426,396,346,336,386,380
NY,tenroundlimit,implemented,2000,512,576,525,528,553,508,502,413,479,462,449,497,426,396,346,336,386,380
NY,traffickingprohibited,implemented,2000,512,576,525,528,553,508,502,413,479,462,449,497,426,396,346,336,386,380
NY,traffickingprohibitedh,implemented,2000,512,576,525,528,553,508,502,413,479,462,449,497,426,396,346,336,386,380
NY,microstamp,implemented,2001,512,576,525,528,553,508,502,413,479,462,449,497,426,396,346,336,386,380
NY,personalized,removal,2002,512,576,525,528,553,508,502,413,479,462,449,497,426,396,346,336,386,380
NY,dvrodating,implemented,2008,512,576,525,528,553,508,502,413,479,462,449,497,426,396,346,336,386,380
NY,dvrosurrenderdating,implemented,2008,512,576,525,528,553,508,502,413,479,462,449,497,426,396,346,336,386,380
NY,expartedating,implemented,2008,512,576,525,528,553,508,502,413,479,462,449,497,426,396,346,336,386,380
NY,expartesurrenderdating,implemented,2008,512,576,525,528,553,508,502,413,479,462,449,497,426,396,346,336,386,380
NY,microstamp,removal,2012,512,576,525,528,553,508,502,413,479,462,449,497,426,396,346,336,386,380
NY,assaultregister,implemented,2013,512,576,525,528,553,508,502,413,479,462,449,497,426,396,346,336,386,380
NY,assaulttransfer,implemented,2013,512,576,525,528,553,508,502,413,479,462,449,497,426,396,346,336,386,380
NY,magazinepreowned,implemented,2013,512,576,525,528,553,508,502,413,479,462,449,497,426,396,346,336,386,380
NY,onefeature,implemented,2013,512,576,525,528,553,508,502,413,479,462,449,497,426,396,346,336,386,380
NY,recordsallh,implemented,2013,512,576,525,528,553,508,502,413,479,462,449,497,426,396,346,336,386,380
NY,relinquishment,implemented,2013,512,576,525,528,553,508,502,413,479,462,449,497,426,396,346,336,386,380
NY,universal,implemented,2013,512,576,525,528,553,508,502,413,479,462,449,497,426,396,346,336,386,380
NY,universalh,implemented,2013,512,576,525,528,553,508,502,413,479,462,449,497,426,396,346,336,386,380
NY,universalpermit,implemented,2013,512,576,525,528,553,508,502,413,479,462,449,497,426,396,346,336,386,380
NY,mcdvsurrender,implemented,2014,512,576,525,528,553,508,502,413,479,462,449,497,426,396,346,336,386,380
NY,mcdvsurrenderdating,implemented,2014,512,576,525,528,553,508,502,413,479,462,449,497,426,396,346,336,386,380
NY,mcdvsurrendernoconditions,implemented,2014,512,576,525,528,553,508,502,413,479,462,449,497,426,396,346,336,386,380
OH,immunity,removal,2001,203,184,262,292,254,238,303,328,282,292,296,301,336,290,306,269,302,425
OH,ccbackgroundnics,removal,2004,203,184,262,292,254,238,303,328,282,292,296,301,336,290,306,269,302,425
OH,danger,implemented,2004,203,184,262,292,254,238,303,328,282,292,296,301,336,290,306,269,302,425
OH,invcommitment,implemented,2004,203,184,262,292,254,238,303,328,282,292,296,301,336,290,306,269,302,425
OH,mayissue,removal,2004,203,184,262,292,254,238,303,328,282,292,296,301,336,290,306,269,302,425
OH,preemption,removal,2004,203,184,262,292,254,238,303,328,282,292,296,301,336,290,306,269,302,425
OH,showing,removal,2004,203,184,262,292,254,238,303,328,282,292,296,301,336,290,306,269,302,425
OH,preemptionbroad,removal,2007,203,184,262,292,254,238,303,328,282,292,296,301,336,290,306,269,302,425
OH,preemptionnarrow,removal,2007,203,184,262,292,254,238,303,328,282,292,296,301,336,290,306,269,302,425
OH,drugmisdemeanor,removal,2011,203,184,262,292,254,238,303,328,282,292,296,301,336,290,306,269,302,425
OH,ccbackgroundnics,implemented,2015,203,184,262,292,254,238,303,328,282,292,296,301,336,290,306,269,302,425
OK,nosyg,removal,2006,159,117,122,97,141,119,131,136,148,134,136,124,137,160,134,122,167,181
OK,opencarrypermith,implemented,2012,159,117,122,97,141,119,131,136,148,134,136,124,137,160,134,122,167,181
OK,elementary,removal,2013,159,117,122,97,141,119,131,136,148,134,136,124,137,160,134,122,167,181
OR,backgroundpurge,implemented,2000,45,46,41,39,40,59,56,53,40,41,43,46,50,43,47,47,45,54
OR,gunshow,implemented,2000,45,46,41,39,40,59,56,53,40,41,43,46,50,43,47,47,45,54
OR,gunshowh,implemented,2000,45,46,41,39,40,59,56,53,40,41,43,46,50,43,47,47,45,54
OR,mentalhealth,implemented,2000,45,46,41,39,40,59,56,53,40,41,43,46,50,43,47,47,45,54
OR,recordsdealer,implemented,2000,45,46,41,39,40,59,56,53,40,41,43,46,50,43,47,47,45,54
OR,reportdealer,implemented,2000,45,46,41,39,40,59,56,53,40,41,43,46,50,43,47,47,45,54
OR,statechecks,implemented,2000,45,46,41,39,40,59,56,53,40,41,43,46,50,43,47,47,45,54
OR,statechecksh,implemented,2000,45,46,41,39,40,59,56,53,40,41,43,46,50,43,47,47,45,54
OR,invoutpatient,implemented,2015,45,46,41,39,40,59,56,53,40,41,43,46,50,43,47,47,45,54
OR,recordsall,implemented,2015,45,46,41,39,40,59,56,53,40,41,43,46,50,43,47,47,45,54
OR,recordsallh,implemented,2015,45,46,41,39,40,59,56,53,40,41,43,46,50,43,47,47,45,54
OR,reportall,implemented,2015,45,46,41,39,40,59,56,53,40,41,43,46,50,43,47,47,45,54
OR,reportallh,implemented,2015,45,46,41,39,40,59,56,53,40,41,43,46,50,43,47,47,45,54
OR,universal,implemented,2015,45,46,41,39,40,59,56,53,40,41,43,46,50,43,47,47,45,54
OR,universalh,implemented,2015,45,46,41,39,40,59,56,53,40,41,43,46,50,43,47,47,45,54
OR,universalpermit,implemented,2015,45,46,41,39,40,59,56,53,40,41,43,46,50,43,47,47,45,54
OR,universalpermith,implemented,2015,45,46,41,39,40,59,56,53,40,41,43,46,50,43,47,47,45,54
OR,dvro,implemented,2016,45,46,41,39,40,59,56,53,40,41,43,46,50,43,47,47,45,54
OR,mcdv,implemented,2016,45,46,41,39,40,59,56,53,40,41,43,46,50,43,47,47,45,54
PA,lockd,implemented,2000,409,424,433,415,435,468,529,578,541,527,496,473,491,555,475,451,498,489
PA,mcdv,implemented,2006,409,424,433,415,435,468,529,578,541,527,496,473,491,555,475,451,498,489
PA,mcdvsurrender,implemented,2006,409,424,433,415,435,468,529,578,541,527,496,473,491,555,475,451,498,489
PA,mcdvsurrendernoconditions,implemented,2006,409,424,433,415,435,468,529,578,541,527,496,473,491,555,475,451,498,489
PA,strawpurchaseh,implemented,2008,409,424,433,415,435,468,529,578,541,527,496,473,491,555,475,451,498,489
PA,nosyg,removal,2011,409,424,433,415,435,468,529,578,541,527,496,473,491,555,475,451,498,489
RI,lockd,implemented,2000,18,32,18,26,17,15,16,9,9,18,16,17,11,19,15,13,10,14
RI,alcoholism,removal,2014,18,32,18,26,17,15,16,9,9,18,16,17,11,19,15,13,10,14
RI,alctreatment,removal,2014,18,32,18,26,17,15,16,9,9,18,16,17,11,19,15,13,10,14
SC,immunity,removal,2000,182,179,203,197,192,195,209,236,233,210,199,191,207,239,207,225,297,283
SC,recordsdealerh,implemented,2001,182,179,203,197,192,195,209,236,233,210,199,191,207,239,207,225,297,283
SC,onepermonth,removal,2004,182,179,203,197,192,195,209,236,233,210,199,191,207,239,207,225,297,283
SC,recordsdealerh,removal,2005,182,179,203,197,192,195,209,236,233,210,199,191,207,239,207,225,297,283
SC,reportdealerh,removal,2005,182,179,203,197,192,195,209,236,233,210,199,191,207,239,207,225,297,283
SC,nosyg,removal,2006,182,179,203,197,192,195,209,236,233,210,199,191,207,239,207,225,297,283
SC,age21handgunpossess,removal,2008,182,179,203,197,192,195,209,236,233,210,199,191,207,239,207,225,297,283
SC,age21handgunsale,removal,2008,182,179,203,197,192,195,209,236,233,210,199,191,207,239,207,225,297,283
SC,dealerh,removal,2012,182,179,203,197,192,195,209,236,233,210,199,191,207,239,207,225,297,283
SC,junkgun,removal,2012,182,179,203,197,192,195,209,236,233,210,199,191,207,239,207,225,297,283
SC,danger,implemented,2013,182,179,203,197,192,195,209,236,233,210,199,191,207,239,207,225,297,283
SC,invcommitment,implemented,2013,182,179,203,197,192,195,209,236,233,210,199,191,207,239,207,225,297,283
SD,ccbackground,implemented,2002,5,1,4,3,4,5,6,1,4,10,8,8,8,5,4,8,10,8
SD,mcdv,implemented,2005,5,1,4,3,4,5,6,1,4,10,8,8,8,5,4,8,10,8
SD,nosyg,removal,2006,5,1,4,3,4,5,6,1,4,10,8,8,8,5,4,8,10,8
SD,elementary,removal,2013,5,1,4,3,4,5,6,1,4,10,8,8,8,5,4,8,10,8
TN,nosyg,removal,2007,246,273,264,282,271,231,298,287,273,248,300,235,266,275,240,270,315,375
TN,felony,implemented,2008,246,273,264,282,271,231,298,287,273,248,300,235,266,275,240,270,315,375
TN,danger,implemented,2009,246,273,264,282,271,231,298,287,273,248,300,235,266,275,240,270,315,375
TN,dvro,implemented,2009,246,273,264,282,271,231,298,287,273,248,300,235,266,275,240,270,315,375
TN,dvrosurrender,implemented,2009,246,273,264,282,271,231,298,287,273,248,300,235,266,275,240,270,315,375
TN,dvrosurrendernoconditions,implemented,2009,246,273,264,282,271,231,298,287,273,248,300,235,266,275,240,270,315,375
TN,invcommitment,implemented,2009,246,273,264,282,271,231,298,287,273,248,300,235,266,275,240,270,315,375
TN,invoutpatient,implemented,2009,246,273,264,282,271,231,298,287,273,248,300,235,266,275,240,270,315,375
TN,mcdv,implemented,2009,246,273,264,282,271,231,298,287,273,248,300,235,266,275,240,270,315,375
TN,mcdvsurrender,implemented,2009,246,273,264,282,271,231,298,287,273,248,300,235,266,275,240,270,315,375
TN,mcdvsurrendernoconditions,implemented,2009,246,273,264,282,271,231,298,287,273,248,300,235,266,275,240,270,315,375
TN,collegeconcealed,removal,2016,246,273,264,282,271,231,298,287,273,248,300,235,266,275,240,270,315,375
TN,elementary,removal,2016,246,273,264,282,271,231,298,287,273,248,300,235,266,275,240,270,315,375
TX,dvro,implemented,2001,727,760,805,809,881,877,933,961,986,936,920,859,748,799,810,846,969,1084
TX,dvrodating,implemented,2001,727,760,805,809,881,877,933,961,986,936,920,859,748,799,810,846,969,1084
TX,mcdv,implemented,2001,727,760,805,809,881,877,933,961,986,936,920,859,748,799,810,846,969,1084
TX,nosyg,removal,2007,727,760,805,809,881,877,933,961,986,936,920,859,748,799,810,846,969,1084
TX,exparte,implemented,2008,727,760,805,809,881,877,933,961,986,936,920,859,748,799,810,846,969,1084
TX,expartedating,implemented,2008,727,760,805,809,881,877,933,961,986,936,920,859,748,799,810,846,969,1084
TX,ccrevoke,implemented,2009,727,760,805,809,881,877,933,961,986,936,920,859,748,799,810,846,969,1084
TX,collegeconcealed,removal,2016,727,760,805,809,881,877,933,961,986,936,920,859,748,799,810,846,969,1084
TX,opencarryh,removal,2016,727,760,805,809,881,877,933,961,986,936,920,859,748,799,810,846,969,1084
UT,immunity,removal,2000,30,17,37,31,28,27,29,20,38,18,23,27,26,24,29,31,33,39
UT,college,removal,2002,30,17,37,31,28,27,29,20,38,18,23,27,26,24,29,31,33,39
VA,immunity,removal,2000,239,248,215,246,267,238,298,248,251,232,239,241,203,209,221,222,260,349
VA,dealerh,removal,2004,239,248,215,246,267,238,298,248,251,232,239,241,203,209,221,222,260,349
VA,permith,removal,2004,239,248,215,246,267,238,298,248,251,232,239,241,203,209,221,222,260,349
VA,invoutpatient,implemented,2008,239,248,215,246,267,238,298,248,251,232,239,241,203,209,221,222,260,349
VA,onepermonth,removal,2012,239,248,215,246,267,238,298,248,251,232,239,241,203,209,221,222,260,349
VA,dvro,implemented,2016,239,248,215,246,267,238,298,248,251,232,239,241,203,209,221,222,260,349
VT,mcdv,implemented,2015,8,4,3,4,4,3,6,7,8,9,0,2,5,3,6,5,7,5
VT,mcdvdating,implemented,2015,8,4,3,4,4,3,6,7,8,9,0,2,5,3,6,5,7,5
VT,stalking,implemented,2015,8,4,3,4,4,3,6,7,8,9,0,2,5,3,6,5,7,5
WA,ccbackgroundnics,implemented,2011,89,108,104,102,97,114,130,111,103,115,109,106,94,109,107,111,136,124
WA,backgroundpurge,implemented,2014,89,108,104,102,97,114,130,111,103,115,109,106,94,109,107,111,136,124
WA,defactoregh,implemented,2014,89,108,104,102,97,114,130,111,103,115,109,106,94,109,107,111,136,124
WA,gunshow,implemented,2014,89,108,104,102,97,114,130,111,103,115,109,106,94,109,107,111,136,124
WA,gunshowh,implemented,2014,89,108,104,102,97,114,130,111,103,115,109,106,94,109,107,111,136,124
WA,mentalhealth,implemented,2014,89,108,104,102,97,114,130,111,103,115,109,106,94,109,107,111,136,124
WA,permith,implemented,2014,89,108,104,102,97,114,130,111,103,115,109,106,94,109,107,111,136,124
WA,permitlaw,implemented,2014,89,108,104,102,97,114,130,111,103,115,109,106,94,109,107,111,136,124
WA,recordsallh,implemented,2014,89,108,104,102,97,114,130,111,103,115,109,106,94,109,107,111,136,124
WA,reportallh,implemented,2014,89,108,104,102,97,114,130,111,103,115,109,106,94,109,107,111,136,124
WA,statechecks,implemented,2014,89,108,104,102,97,114,130,111,103,115,109,106,94,109,107,111,136,124
WA,statechecksh,implemented,2014,89,108,104,102,97,114,130,111,103,115,109,106,94,109,107,111,136,124
WA,threedaylimit,implemented,2014,89,108,104,102,97,114,130,111,103,115,109,106,94,109,107,111,136,124
WA,universal,implemented,2014,89,108,104,102,97,114,130,111,103,115,109,106,94,109,107,111,136,124
WA,universalh,implemented,2014,89,108,104,102,97,114,130,111,103,115,109,106,94,109,107,111,136,124
WA,universalpermit,implemented,2014,89,108,104,102,97,114,130,111,103,115,109,106,94,109,107,111,136,124
WA,universalpermith,implemented,2014,89,108,104,102,97,114,130,111,103,115,109,106,94,109,107,111,136,124
WA,gvro,implemented,2016,89,108,104,102,97,114,130,111,103,115,109,106,94,109,107,111,136,124
WA,gvrolawenforcement,implemented,2016,89,108,104,102,97,114,130,111,103,115,109,106,94,109,107,111,136,124
WI,dvrodating,implemented,2002,131,113,115,112,129,99,146,100,119,87,95,103,82,109,117,125,169,187
WI,dvrosurrenderdating,implemented,2002,131,113,115,112,129,99,146,100,119,87,95,103,82,109,117,125,169,187
WI,stalking,implemented,2002,131,113,115,112,129,99,146,100,119,87,95,103,82,109,117,125,169,187
WI,alctreatment,implemented,2010,131,113,115,112,129,99,146,100,119,87,95,103,82,109,117,125,169,187
WI,danger,implemented,2010,131,113,115,112,129,99,146,100,119,87,95,103,82,109,117,125,169,187
WI,mayissue,removal,2011,131,113,115,112,129,99,146,100,119,87,95,103,82,109,117,125,169,187
WI,showing,removal,2011,131,113,115,112,129,99,146,100,119,87,95,103,82,109,117,125,169,187
WI,waitingh,removal,2015,131,113,115,112,129,99,146,100,119,87,95,103,82,109,117,125,169,187
WV,dvro,implemented,2000,46,39,19,43,33,36,38,35,34,31,35,27,40,41,30,22,37,48
WV,dvrodating,implemented,2000,46,39,19,43,33,36,38,35,34,31,35,27,40,41,30,22,37,48
WV,mcdv,implemented,2000,46,39,19,43,33,36,38,35,34,31,35,27,40,41,30,22,37,48
WV,mcdvdating,implemented,2000,46,39,19,43,33,36,38,35,34,31,35,27,40,41,30,22,37,48
WV,violentpartial,implemented,2000,46,39,19,43,33,36,38,35,34,31,35,27,40,41,30,22,37,48
WV,exparte,implemented,2001,46,39,19,43,33,36,38,35,34,31,35,27,40,41,30,22,37,48
WV,expartedating,implemented,2001,46,39,19,43,33,36,38,35,34,31,35,27,40,41,30,22,37,48
WV,immunity,removal,2003,46,39,19,43,33,36,38,35,34,31,35,27,40,41,30,22,37,48
WV,nosyg,removal,2008,46,39,19,43,33,36,38,35,34,31,35,27,40,41,30,22,37,48
WV,age18longgunsale,implemented,2010,46,39,19,43,33,36,38,35,34,31,35,27,40,41,30,22,37,48
WV,age21handgunsale,implemented,2010,46,39,19,43,33,36,38,35,34,31,35,27,40,41,30,22,37,48
WV,amm18,implemented,2010,46,39,19,43,33,36,38,35,34,31,35,27,40,41,30,22,37,48
WV,amm21h,implemented,2010,46,39,19,43,33,36,38,35,34,31,35,27,40,41,30,22,37,48
WV,ccbackgroundnics,implemented,2012,46,39,19,43,33,36,38,35,34,31,35,27,40,41,30,22,37,48
WV,ccrenewbackground,implemented,2012,46,39,19,43,33,36,38,35,34,31,35,27,40,41,30,22,37,48
WV,ccbackground,removal,2016,46,39,19,43,33,36,38,35,34,31,35,27,40,41,30,22,37,48
WV,ccbackgroundnics,removal,2016,46,39,19,43,33,36,38,35,34,31,35,27,40,41,30,22,37,48
WV,ccrenewbackground,removal,2016,46,39,19,43,33,36,38,35,34,31,35,27,40,41,30,22,37,48
WV,ccrevoke,removal,2016,46,39,19,43,33,36,38,35,34,31,35,27,40,41,30,22,37,48
WV,elementary,removal,2016,46,39,19,43,33,36,38,35,34,31,35,27,40,41,30,22,37,48
WV,permitconcealed,removal,2016,46,39,19,43,33,36,38,35,34,31,35,27,40,41,30,22,37,48
WY,age18longgunsale,implemented,2010,3,5,6,7,9,4,9,5,8,4,6,5,8,7,7,9,8,7
WY,age21handgunsale,implemented,2010,3,5,6,7,9,4,9,5,8,4,6,5,8,7,7,9,8,7
WY,felony,implemented,2010,3,5,6,7,9,4,9,5,8,4,6,5,8,7,7,9,8,7
WY,ccbackground,removal,2011,3,5,6,7,9,4,9,5,8,4,6,5,8,7,7,9,8,7
WY,ccrenewbackground,removal,2011,3,5,6,7,9,4,9,5,8,4,6,5,8,7,7,9,8,7
WY,ccrevoke,removal,2011,3,5,6,7,9,4,9,5,8,4,6,5,8,7,7,9,8,7
WY,permitconcealed,removal,2011,3,5,6,7,9,4,9,5,8,4,6,5,8,7,7,9,8,7
